t_s,vram_alloc_mb,vram_reserved_mb,smi_used_mb,gpu_util_pct,gpu_temp_c,cpu_ram_mb
0.0,656.0,668.0,1062,4,68,4037.1
0.118,656.6,670.0,1064,2,68,4133.5
0.235,720.8,730.0,1274,2,68,4226.2
0.355,850.3,870.0,1274,5,68,4324.0
0.474,979.8,990.0,1394,11,68,4421.0
0.592,1109.3,1130.0,1534,11,68,4521.7
0.71,1109.3,1130.0,1534,8,68,4615.8
0.828,1111.8,1132.0,1536,5,68,4738.2
0.948,690.2,1274.0,1678,52,70,4784.6
1.069,851.2,1274.0,1678,52,68,4887.3
1.188,980.7,1274.0,1678,14,68,4987.0
1.307,980.7,1274.0,1678,8,68,5092.9
1.426,1110.2,1274.0,1678,8,68,5208.5
1.544,690.4,1274.0,1678,13,70,5240.5
1.663,851.4,1274.0,1678,54,69,5352.0
1.783,980.9,1274.0,1678,9,69,5466.5
1.902,1110.4,1274.0,1678,9,69,5578.5
2.029,1113.6,1274.0,1678,12,69,5667.6
2.149,722.2,1274.0,1678,51,69,5721.6
2.273,851.7,1274.0,1678,7,69,5808.5
2.397,981.2,1274.0,1678,7,69,5861.8
2.523,981.2,1274.0,1678,8,69,5923.7
2.65,1110.7,1274.0,1678,5,69,5976.9
2.777,1110.7,1274.0,1678,5,69,6035.6
2.906,691.0,1276.0,1680,5,70,6051.7
3.029,722.5,1276.0,1680,51,70,6087.8
3.156,852.0,1276.0,1680,5,69,6139.9
3.282,852.0,1276.0,1680,4,69,6167.0
3.406,981.5,1276.0,1680,4,69,6173.4
3.53,981.5,1276.0,1680,5,69,6185.0
3.652,981.5,1276.0,1680,2,69,6188.4
3.774,981.5,1276.0,1680,2,69,6194.3
3.895,981.5,1276.0,1680,1,69,6198.5
4.018,981.5,1276.0,1680,5,69,6206.6
4.14,1111.0,1276.0,1680,2,69,6207.1
4.261,1111.0,1276.0,1680,2,69,6205.8
4.381,1111.0,1276.0,1680,2,69,6204.4
4.503,1111.0,1276.0,1680,6,69,6196.3
4.625,1111.0,1276.0,1680,1,69,6193.0
4.745,691.3,1276.0,1680,1,69,6194.3
4.864,691.3,1276.0,1680,46,70,6198.6
4.985,722.8,1276.0,1680,7,69,6200.6
5.107,852.3,1276.0,1680,7,69,6201.2
5.227,852.3,1276.0,1680,1,69,6194.2
5.348,852.3,1276.0,1680,1,69,6185.6
5.47,852.3,1276.0,1680,4,69,6187.9
5.591,852.3,1276.0,1680,4,69,6181.8
5.71,852.3,1276.0,1680,1,69,6170.5
5.831,852.3,1276.0,1680,1,69,6168.2
5.952,852.3,1276.0,1680,1,69,6155.6
6.073,852.3,1276.0,1680,4,69,6150.8
6.194,852.3,1276.0,1680,1,69,6147.7
6.314,852.3,1276.0,1680,0,69,6136.7
6.435,852.3,1276.0,1680,0,69,6135.3
6.556,852.3,1276.0,1680,4,69,6129.0
6.679,852.3,1276.0,1680,0,69,6117.3
6.8,852.3,1276.0,1680,0,69,6109.3
6.921,981.8,1276.0,1680,0,69,6104.3
7.04,981.8,1276.0,1680,4,69,6098.7
7.16,981.8,1276.0,1680,1,69,6091.4
7.28,981.8,1276.0,1680,1,69,6087.9
7.4,981.8,1276.0,1680,1,69,6080.9
7.521,981.8,1276.0,1680,4,69,6078.2
7.64,981.8,1276.0,1680,0,69,6069.7
7.76,981.8,1276.0,1680,0,69,6058.7
7.88,981.8,1276.0,1680,1,69,6049.8
8.001,981.8,1276.0,1680,4,69,6045.1
8.121,981.8,1276.0,1680,4,69,6036.9
8.242,981.8,1276.0,1680,0,69,6027.9
8.363,981.8,1276.0,1680,1,69,6029.2
8.482,981.8,1276.0,1680,4,69,6016.5
8.604,981.8,1276.0,1680,4,69,6013.8
8.725,1111.3,1276.0,1680,1,69,6004.5
8.845,1111.3,1276.0,1680,0,69,5996.4
8.965,1111.3,1276.0,1680,0,69,5990.8
9.086,1111.3,1276.0,1680,4,69,5983.6
9.206,1111.3,1276.0,1680,1,69,5980.4
9.328,1111.3,1276.0,1680,1,69,5971.1
9.451,1111.3,1276.0,1680,1,69,5961.5
9.574,1111.3,1276.0,1680,4,69,5953.1
9.695,1111.3,1276.0,1680,0,69,5940.1
9.816,1111.3,1276.0,1680,0,70,5927.4
9.936,1111.3,1276.0,1680,0,69,5917.2
10.057,1111.3,1276.0,1680,4,69,5905.2
10.178,1111.3,1276.0,1680,1,70,5896.7
10.298,1111.3,1276.0,1680,1,70,5888.4
10.419,1111.3,1276.0,1680,1,70,5888.5
10.544,1111.3,1276.0,1680,4,70,5883.9
10.664,1111.3,1276.0,1680,1,70,5877.5
10.786,1111.3,1276.0,1680,1,70,5867.1
10.907,1113.8,1276.0,1680,0,70,5856.1
11.027,691.6,1276.0,1680,49,71,5849.6
11.148,691.6,1276.0,1680,0,70,5840.6
11.269,691.6,1276.0,1680,0,70,5828.1
11.39,691.6,1276.0,1680,0,70,5818.0
11.511,691.6,1276.0,1680,4,70,5805.2
11.633,695.1,1276.0,1680,4,70,5794.5
11.754,723.1,1276.0,1680,0,69,5785.8
11.876,723.1,1276.0,1680,0,70,5775.5
11.997,723.1,1276.0,1680,4,69,5778.3
12.119,852.6,1276.0,1680,4,70,5795.1
12.24,852.6,1276.0,1680,1,70,5804.4
12.362,852.6,1276.0,1680,1,70,5811.4
12.483,852.6,1276.0,1680,4,70,5821.4
12.605,852.6,1276.0,1680,4,70,5840.4
12.726,852.6,1276.0,1680,2,70,5857.9
12.847,852.6,1276.0,1680,2,70,5872.8
12.969,852.6,1276.0,1680,2,70,5880.3
13.092,982.1,1276.0,1680,5,70,5873.4
13.212,982.1,1276.0,1680,2,70,5873.1
13.333,982.1,1276.0,1680,2,70,5882.3
13.455,982.1,1276.0,1680,2,70,5894.3
13.576,982.1,1276.0,1680,5,70,5907.1
13.698,982.1,1276.0,1680,1,70,5904.1
13.821,1111.6,1276.0,1680,2,70,5906.9
13.941,1111.6,1276.0,1680,2,70,5907.8
14.063,1111.6,1276.0,1680,5,70,5905.9
14.184,1111.6,1276.0,1680,2,70,5900.3
14.306,1111.6,1276.0,1680,2,70,5911.2
14.428,691.8,1276.0,1680,2,72,5925.6
14.548,723.4,1276.0,1680,50,70,5987.3
14.666,852.9,1276.0,1680,7,70,6080.4
14.784,982.4,1276.0,1680,7,70,6175.6
14.906,1111.9,1276.0,1680,7,70,6261.4
15.032,1111.9,1276.0,1680,13,70,6366.6
15.151,692.1,1276.0,1680,13,71,6388.2
15.271,853.1,1276.0,1680,61,70,6472.5
15.39,853.1,1276.0,1680,7,69,6566.1
15.509,982.6,1276.0,1680,10,69,6633.8
15.638,1112.1,1276.0,1680,10,69,6702.2
15.762,1112.1,1276.0,1680,6,69,6778.1
15.883,692.4,1276.0,1680,45,71,6795.6
16.004,853.4,1276.0,1680,16,70,6868.7
16.126,853.4,1276.0,1680,16,70,6943.6
16.246,982.9,1276.0,1680,6,70,7016.9
16.367,1112.4,1276.0,1680,6,70,7093.8
16.49,1112.4,1276.0,1680,6,70,7162.9
16.612,692.7,1278.0,1682,9,72,7187.5
16.733,853.7,1278.0,1682,49,70,7259.7
16.855,853.7,1278.0,1682,7,70,7336.5
16.976,983.2,1278.0,1682,7,70,7404.5
17.099,1112.7,1278.0,1682,12,70,7484.7
17.22,1112.7,1278.0,1682,6,70,7561.0
17.343,693.0,1278.0,1682,50,72,7575.5
17.465,854.0,1278.0,1682,50,70,7640.8
17.586,854.0,1278.0,1682,10,70,7701.0
17.708,983.5,1278.0,1682,6,70,7774.3
17.83,1113.0,1278.0,1682,7,70,7832.0
17.956,1113.0,1278.0,1682,7,70,7899.2
18.08,693.3,1278.0,1682,8,73,7922.2
18.2,854.3,1278.0,1682,49,70,7989.2
18.322,854.3,1278.0,1682,49,70,8055.2
18.443,983.8,1278.0,1682,7,70,8126.9
18.563,983.8,1278.0,1682,9,70,8196.1
18.685,1113.3,1278.0,1682,7,70,8282.3
18.805,693.5,1278.0,1682,7,73,8309.1
18.924,854.5,1278.0,1682,50,70,8378.8
19.044,854.5,1278.0,1682,9,70,8460.3
19.164,984.0,1278.0,1682,9,70,8535.2
19.284,1113.5,1278.0,1682,7,70,8604.9
19.403,1113.5,1278.0,1682,7,70,8675.8
19.525,693.8,1278.0,1682,35,73,8700.7
19.644,854.8,1278.0,1682,35,71,8758.6
19.765,854.8,1278.0,1682,21,70,8830.0
19.885,984.3,1278.0,1682,6,70,8866.8
20.004,984.3,1278.0,1682,4,70,8862.6
20.128,984.3,1278.0,1682,4,70,8861.1
20.249,984.3,1278.0,1682,1,70,8857.2
20.369,984.3,1278.0,1682,2,70,8851.1
20.491,984.3,1278.0,1682,2,70,8848.1
20.612,984.3,1278.0,1682,3,70,8855.6
20.733,984.3,1278.0,1682,1,70,8847.1
20.857,984.3,1278.0,1682,2,70,8858.3
20.979,1113.8,1278.0,1682,2,70,8881.6
21.099,1113.8,1278.0,1682,5,70,8871.2
21.22,1113.8,1278.0,1682,0,70,8864.0
21.34,1113.8,1278.0,1682,2,70,8860.5
21.463,1113.8,1278.0,1682,2,70,8855.4
21.584,1113.8,1278.0,1682,3,70,8855.5
21.704,1113.8,1278.0,1682,1,70,8845.6
21.825,1113.8,1278.0,1682,1,70,8845.9
21.946,1113.8,1278.0,1682,2,70,8846.0
22.064,1113.8,1278.0,1682,3,70,8837.9
22.188,694.1,1278.0,1682,46,71,8828.5
22.31,694.1,1278.0,1682,46,70,8820.1
22.429,694.1,1278.0,1682,2,70,8811.8
22.55,701.1,1278.0,1682,3,70,8804.2
22.67,725.6,1278.0,1682,3,70,8796.5
22.791,725.6,1278.0,1682,1,70,8789.9
22.912,725.6,1278.0,1682,2,70,8783.4
23.032,855.1,1278.0,1682,2,70,8778.7
23.151,855.1,1278.0,1682,2,70,8770.5
23.271,855.1,1278.0,1682,1,70,8765.9
23.39,855.1,1278.0,1682,3,70,8755.5
23.51,855.1,1278.0,1682,3,70,8750.1
23.632,855.1,1278.0,1682,2,70,8742.5
23.751,855.1,1278.0,1682,1,70,8737.6
23.872,855.1,1278.0,1682,3,70,8731.0
23.992,855.1,1278.0,1682,3,70,8743.3
24.113,855.1,1278.0,1682,3,70,8743.7
24.234,984.6,1278.0,1682,1,70,8743.8
24.356,984.6,1278.0,1682,2,70,8731.1
24.478,984.6,1278.0,1682,2,70,8719.1
24.599,984.6,1278.0,1682,2,70,8708.4
24.72,984.6,1278.0,1682,1,70,8700.3
24.842,984.6,1278.0,1682,1,70,8694.6
24.962,984.6,1278.0,1682,3,70,8683.9
25.082,984.6,1278.0,1682,2,70,8670.6
25.203,984.6,1278.0,1682,1,70,8666.8
25.322,984.6,1278.0,1682,1,70,8655.8
25.444,984.6,1278.0,1682,2,70,8643.0
25.565,984.6,1278.0,1682,2,70,8638.6
25.688,984.6,1278.0,1682,2,70,8629.3
25.809,984.6,1278.0,1682,1,70,8623.5
25.93,984.6,1278.0,1682,3,70,8615.8
26.052,984.6,1278.0,1682,5,70,8610.4
26.172,1114.1,1278.0,1682,5,70,8604.5
26.292,1114.1,1278.0,1682,3,70,8600.4
26.413,1114.1,1278.0,1682,4,70,8592.2
26.533,1114.1,1278.0,1682,4,70,8606.8
26.654,1114.1,1278.0,1682,4,70,8618.2
26.774,1114.1,1278.0,1682,2,70,8643.2
26.892,694.4,1278.0,1682,28,73,8670.2
27.029,855.4,1278.0,1682,41,71,8703.5
27.153,855.4,1278.0,1682,41,70,8740.5
27.274,984.9,1278.0,1682,9,70,8799.3
27.395,1114.4,1278.0,1682,10,70,8884.2
27.513,1114.4,1278.0,1682,10,70,8975.5
27.631,694.7,1280.0,1684,16,72,9010.5
27.751,855.7,1280.0,1684,45,70,9105.7
27.87,985.2,1280.0,1684,14,70,9204.6
27.988,985.2,1280.0,1684,14,70,9301.3
28.106,1114.7,1280.0,1684,11,70,9399.1
28.224,694.9,1280.0,1684,40,73,9433.9
28.342,856.0,1280.0,1684,40,71,9521.2
28.46,856.0,1280.0,1684,22,70,9616.9
28.579,985.5,1280.0,1684,11,70,9709.1
28.697,1115.0,1280.0,1684,11,70,9755.9
28.816,1115.0,1280.0,1684,10,70,9729.5
28.934,695.2,1280.0,1684,21,74,9750.3
29.058,856.2,1280.0,1684,39,71,9802.9
29.182,856.2,1280.0,1684,39,70,9883.3
29.302,985.7,1280.0,1684,8,70,9922.4
29.421,985.7,1280.0,1684,8,70,9935.5
29.542,985.7,1280.0,1684,4,70,9949.7
29.662,985.7,1280.0,1684,4,70,9967.1
29.784,1115.2,1280.0,1684,3,70,9976.6
29.905,1115.2,1280.0,1684,5,70,9992.2
30.027,1115.2,1280.0,1684,5,70,10027.6
30.148,695.5,1280.0,1684,5,72,10058.0
30.266,727.0,1280.0,1684,51,71,10082.9
30.385,856.5,1280.0,1684,9,71,10102.4
30.504,856.5,1280.0,1684,9,70,10125.5
30.622,986.0,1280.0,1684,9,70,10173.2
30.74,986.0,1280.0,1684,6,70,10184.4
30.859,1115.5,1280.0,1684,6,70,10190.7
30.978,1115.5,1280.0,1684,9,70,10185.0
31.098,695.8,1280.0,1684,37,73,10186.2
31.219,856.8,1280.0,1684,21,71,10186.4
31.338,986.3,1280.0,1684,21,70,10187.5
31.463,986.3,1280.0,1684,11,70,10253.1
31.583,1115.8,1280.0,1684,9,70,10355.4
31.701,696.1,1280.0,1684,9,72,10395.3
31.82,857.1,1280.0,1684,52,71,10498.8
31.938,986.6,1280.0,1684,14,70,10608.0
32.056,986.6,1280.0,1684,10,70,10719.9
32.174,1116.1,1280.0,1684,10,70,10798.6
32.292,696.4,1280.0,1684,8,72,10838.6
32.411,857.4,1280.0,1684,55,71,10922.3
32.529,857.4,1280.0,1684,55,70,10981.2
32.647,986.9,1280.0,1684,9,70,11057.8
32.768,986.9,1280.0,1684,7,70,11117.4
32.889,1116.4,1280.0,1684,10,70,11195.7
33.008,696.6,1280.0,1684,10,72,11247.6
33.127,857.6,1280.0,1684,51,71,11310.6
33.247,857.6,1280.0,1684,9,70,11266.1
33.369,987.1,1280.0,1684,9,70,11011.8
33.49,1116.6,1280.0,1684,12,70,11047.0
33.614,1116.6,1280.0,1684,8,70,10997.6
33.737,696.9,1280.0,1684,58,73,11007.4
33.855,857.9,1280.0,1684,58,71,11024.8
33.975,987.4,1280.0,1684,12,70,11013.8
34.093,987.4,1280.0,1684,9,70,11019.6
34.212,1116.9,1280.0,1684,9,70,11068.3
34.33,1132.9,1280.0,1686,8,70,11093.8
34.449,704.2,1282.0,1686,53,71,11078.6
34.569,858.2,1282.0,1686,7,70,11078.9
34.687,987.7,1282.0,1686,7,70,11145.9
34.807,987.7,1282.0,1686,10,70,11196.7
34.926,1117.2,1282.0,1686,11,70,11195.5
35.046,1125.0,1282.0,1686,11,71,11182.6
35.164,729.0,1282.0,1686,33,71,11163.6
35.285,858.5,1282.0,1686,25,70,11119.0
35.403,988.0,1282.0,1686,12,70,11092.9
35.522,988.0,1282.0,1686,12,70,11119.7
35.64,1117.5,1282.0,1686,8,70,11161.8
35.758,1127.5,1282.0,1686,8,71,11188.8
35.876,665.4,1282.0,1686,8,71,11240.1
35.998,665.4,1282.0,1686,49,70,11346.5
36.122,665.4,1282.0,1686,2,70,11443.7
36.249,665.4,1282.0,1686,1,70,11472.6
36.376,665.4,1282.0,1686,1,70,11541.1
36.502,665.4,1282.0,1686,5,70,11630.7
36.628,665.4,1282.0,1686,2,70,11730.9
36.753,665.4,1282.0,1686,1,70,11839.2
36.879,665.4,1282.0,1686,1,70,11868.2
37.007,665.4,1282.0,1686,4,70,11963.1
37.134,665.4,1282.0,1686,2,70,12055.0
37.26,665.4,1282.0,1686,2,70,12139.1
37.386,665.4,1282.0,1686,2,70,12259.4
37.512,665.4,1282.0,1686,5,70,12355.7
37.64,665.4,1282.0,1686,1,70,12456.6
37.766,665.4,1282.0,1686,1,70,12550.4
37.892,665.4,1282.0,1686,1,70,12636.6
38.019,665.4,1282.0,1686,5,70,12737.8
38.144,665.4,1282.0,1686,1,70,12838.6
38.27,665.4,1282.0,1686,0,70,12936.5
38.4,665.4,1282.0,1686,0,70,13028.2
38.526,665.4,1282.0,1686,5,70,13119.7
38.659,720.8,1282.0,1686,1,70,13037.8
38.777,850.3,1282.0,1686,10,70,13080.0
38.895,979.8,1282.0,1686,10,70,13111.1
39.014,1109.3,1282.0,1686,14,70,13148.0
39.132,690.2,1282.0,1686,37,73,13154.6
39.249,851.2,1282.0,1686,37,71,13175.4
39.367,980.7,1282.0,1686,25,70,13197.2
39.486,1110.2,1282.0,1686,14,70,13225.8
39.604,690.5,1282.0,1686,55,74,13232.6
39.722,981.0,1282.0,1686,55,71,13261.7
39.84,690.8,1282.0,1686,21,71,13240.7
39.958,851.8,1282.0,1686,60,71,13169.0
40.077,981.3,1282.0,1686,60,71,13186.8
40.194,981.3,1282.0,1686,10,70,13206.1
40.312,1110.8,1282.0,1686,8,70,13227.1
40.431,1118.4,1282.0,1686,21,71,13243.7
40.549,698.1,1282.0,1686,21,71,13252.2
40.666,852.1,1282.0,1686,40,71,13274.9
40.784,981.6,1282.0,1686,7,70,13294.0
40.902,981.6,1282.0,1686,7,70,13314.6
41.019,1111.1,1282.0,1686,11,70,13249.2
41.137,691.3,1282.0,1686,9,70,13171.5
41.255,722.8,1282.0,1686,9,71,13182.6
41.375,852.3,1282.0,1686,51,70,13198.3
41.493,981.8,1282.0,1686,15,70,13214.3
41.611,1111.3,1282.0,1686,9,70,13231.7
41.729,1117.5,1282.0,1686,9,70,13248.6
41.847,723.1,1282.0,1686,41,71,13259.9
41.965,852.6,1282.0,1686,21,70,13280.5
42.084,982.1,1282.0,1686,21,70,13300.2
42.202,982.1,1282.0,1686,9,70,13323.0
42.32,1111.6,1282.0,1686,7,70,13347.7
42.437,1111.6,1282.0,1686,10,70,13315.2
42.555,691.9,1282.0,1686,10,71,13170.3
42.674,852.9,1282.0,1686,51,70,13190.9
42.791,982.4,1282.0,1686,8,70,13210.9
42.909,982.4,1282.0,1686,8,70,13235.9
43.027,1117.5,1282.0,1686,13,71,13250.7
43.144,723.7,1282.0,1686,61,71,13263.4
43.262,853.2,1282.0,1686,61,70,13290.1
43.38,982.7,1282.0,1686,11,69,13321.6
43.498,1112.2,1282.0,1686,13,69,13363.9
43.616,1112.2,1282.0,1686,9,69,13354.7
43.734,692.5,1282.0,1686,9,70,13220.9
43.853,853.5,1282.0,1686,60,69,13257.1
43.975,853.5,1282.0,1686,10,69,13295.6
44.093,983.0,1282.0,1686,10,69,13328.1
44.211,1112.5,1282.0,1686,9,69,13363.3
44.329,1112.5,1282.0,1686,7,69,13398.4
44.447,692.7,1282.0,1686,59,71,13332.4
44.57,853.8,1282.0,1686,59,70,13279.4
44.696,983.3,1282.0,1686,10,69,13323.3
44.815,983.3,1282.0,1686,8,69,13293.6
44.935,1112.8,1282.0,1686,8,69,13336.3
45.053,1119.7,1282.0,1686,11,69,13368.6
45.171,700.0,1282.0,1686,50,71,13388.9
45.289,854.0,1282.0,1686,9,70,13436.4
45.409,983.5,1282.0,1686,9,70,13464.2
45.529,983.5,1282.0,1686,11,70,13504.9
45.649,1113.0,1282.0,1686,7,70,13552.9
45.77,693.3,1282.0,1686,7,71,13576.9
45.891,724.8,1282.0,1686,33,71,13598.9
46.012,854.3,1282.0,1686,29,70,13646.4
46.135,983.8,1282.0,1686,7,70,13688.9
46.258,983.8,1282.0,1686,7,70,13681.3
46.515,1113.3,1282.0,1686,2,70,13653.1
46.818,1113.3,1282.0,1686,6,70,13604.9
47.149,1113.3,1282.0,1686,6,72,13573.1
47.483,854.6,1282.0,1686,3,70,13544.2
47.82,854.6,1282.0,1686,5,70,13508.6
48.182,984.1,1282.0,1686,3,70,13476.3
48.525,984.1,1282.0,1686,2,70,13441.6
48.889,984.1,1282.0,1686,2,70,13406.8
49.249,1113.6,1282.0,1686,6,70,13374.6
49.587,1113.6,1282.0,1686,34,72,13336.5
49.981,725.4,1282.0,1686,1,70,13304.7
50.315,854.9,1282.0,1686,5,69,13267.4
50.677,854.9,1282.0,1686,2,69,13229.0
51.072,984.4,1282.0,1686,2,69,13185.3
51.474,984.4,1282.0,1686,3,69,13152.6
51.821,1113.9,1282.0,1686,6,69,13119.1
52.167,1113.9,1282.0,1686,2,69,13082.5
52.523,694.2,1282.0,1686,10,70,13060.2
52.789,855.2,1282.0,1686,5,70,13027.7
53.124,855.2,1282.0,1686,2,70,12996.0
53.456,984.7,1282.0,1686,3,70,12959.6
53.839,984.7,1282.0,1686,5,70,12873.2
54.276,984.7,1282.0,1686,4,70,12801.4
54.662,1114.2,1282.0,1686,2,70,12761.8
55.042,1114.2,1282.0,1686,2,70,12726.3
55.41,694.4,1282.0,1686,50,71,12684.3
55.655,855.4,1282.0,1686,7,70,12327.8
55.776,855.4,1282.0,1686,7,70,12034.2
55.895,984.9,1282.0,1686,7,70,12074.2
56.014,1114.4,1282.0,1686,12,70,12070.2
56.132,694.7,1282.0,1686,12,71,12063.6
56.249,726.2,1282.0,1686,44,71,12049.3
56.369,855.7,1282.0,1686,16,70,12072.8
56.487,985.2,1282.0,1686,13,70,12080.8
56.605,1114.7,1282.0,1686,13,70,12088.3
56.725,695.0,1282.0,1686,11,71,12077.6
56.843,856.0,1282.0,1686,50,71,12067.7
56.962,856.0,1282.0,1686,50,70,11990.1
57.08,985.5,1282.0,1686,13,70,12018.8
57.198,1115.0,1282.0,1686,8,70,12011.9
57.316,695.3,1282.0,1686,8,72,12011.7
57.434,726.8,1282.0,1686,38,71,12037.2
57.552,856.3,1282.0,1686,26,70,12055.4
57.67,985.8,1282.0,1686,9,70,12068.4
57.788,985.8,1282.0,1686,9,70,12091.7
57.907,1115.3,1282.0,1686,8,70,12114.4
58.025,695.6,1282.0,1686,40,73,12116.3
58.143,856.6,1282.0,1686,40,70,12143.0
58.261,856.6,1282.0,1686,21,70,12165.7
58.379,986.1,1282.0,1686,8,70,12191.4
58.497,986.1,1282.0,1686,11,70,12196.9
58.616,1115.6,1282.0,1686,11,70,12230.0
58.734,695.8,1282.0,1686,8,72,12232.8
58.853,727.4,1282.0,1686,50,71,12246.4
58.971,856.9,1282.0,1686,50,70,12257.0
59.089,696.1,1282.0,1686,18,73,12258.1
59.208,1116.1,1282.0,1686,79,70,12259.6
59.327,857.4,1282.0,1686,79,71,12260.4
59.446,696.7,1282.0,1686,74,72,12261.0
59.564,697.0,1282.0,1686,82,73,12262.2
59.682,1125.1,1282.0,1686,83,72,12263.1
59.8,1117.3,1282.0,1686,83,71,12263.7
59.918,858.5,1282.0,1686,87,73,12264.3
60.036,665.4,1282.0,1686,87,74,12284.1
60.156,665.4,1282.0,1686,87,71,12405.8
60.281,665.4,1282.0,1686,16,70,12504.4
60.407,665.4,1282.0,1686,4,70,12522.0
60.534,665.4,1282.0,1686,3,70,12581.7
60.664,665.4,1282.0,1686,2,70,12614.3
60.797,665.4,1282.0,1686,2,70,12709.8
60.925,665.4,1282.0,1686,2,70,12791.8
61.053,665.4,1282.0,1686,5,70,12874.2
61.181,665.4,1282.0,1686,1,70,12955.1
61.311,665.4,1282.0,1686,1,70,13029.4
61.439,665.4,1282.0,1686,2,70,13113.8
61.569,665.4,1282.0,1686,4,70,13191.4
61.698,665.4,1282.0,1686,3,70,13249.5
61.96,665.4,1282.0,1686,4,70,13303.0
62.146,665.4,1282.0,1686,2,70,13333.7
62.465,665.4,1282.0,1686,1,70,13340.7
62.809,665.4,1282.0,1686,3,70,13358.5
63.11,665.4,1282.0,1686,1,70,13365.7
63.375,665.4,1282.0,1686,5,70,13366.6
63.648,665.4,1282.0,1686,2,70,13366.4
63.917,665.4,1282.0,1686,4,70,13372.4
64.177,665.4,1282.0,1686,2,70,13373.6
64.396,665.4,1282.0,1686,2,70,13350.0
64.579,665.4,1282.0,1686,5,70,13226.4
64.705,665.4,1282.0,1686,2,70,13083.1
64.827,665.4,1282.0,1686,2,70,12753.0
64.952,665.4,1282.0,1686,3,70,12618.8
65.073,665.4,1282.0,1686,2,70,12644.6
65.192,665.4,1282.0,1686,2,70,12683.3
65.312,696.3,1282.0,1686,2,70,12650.7
65.429,850.3,1282.0,1686,8,70,12675.7
65.547,979.8,1282.0,1686,10,70,12702.1
65.667,979.8,1282.0,1686,10,70,12724.6
65.785,1109.3,1282.0,1686,8,70,12746.0
65.903,690.3,1282.0,1686,11,71,12758.9
66.021,851.3,1282.0,1686,54,71,12777.0
66.14,851.3,1282.0,1686,54,70,12800.4
66.257,980.8,1282.0,1686,9,70,12820.5
66.376,1110.3,1282.0,1686,10,70,12843.6
66.494,690.6,1282.0,1686,10,73,12850.8
66.612,851.6,1282.0,1686,58,71,12869.9
66.729,1110.6,1282.0,1686,14,70,12887.7
66.847,690.9,1282.0,1686,14,73,12894.4
66.965,851.9,1282.0,1686,53,71,12918.8
67.083,981.4,1282.0,1686,16,70,12819.7
67.203,981.4,1282.0,1686,6,70,12735.3
67.322,1110.9,1282.0,1686,6,70,12623.5
67.442,1110.9,1282.0,1686,9,71,12645.0
67.56,694.7,1282.0,1686,53,71,12595.2
67.685,852.2,1282.0,1686,53,70,12550.4
67.805,981.7,1282.0,1686,6,70,12483.9
67.925,981.7,1282.0,1686,9,70,12534.9
68.045,1111.2,1282.0,1686,6,70,12573.1
68.167,1111.2,1282.0,1686,6,70,12615.1
68.287,691.4,1282.0,1686,5,73,12627.3
68.405,723.0,1282.0,1686,54,71,12652.1
68.527,852.5,1282.0,1686,7,70,12683.5
68.646,982.0,1282.0,1686,7,70,12712.1
68.764,982.0,1282.0,1686,6,70,12741.1
68.881,1111.5,1282.0,1686,8,70,12772.4
69.001,1111.5,1282.0,1686,8,70,12810.8
69.119,691.7,1282.0,1686,22,72,12823.3
69.238,852.7,1282.0,1686,35,70,12843.6
69.357,852.7,1282.0,1686,35,70,12850.7
69.477,852.7,1282.0,1686,5,70,12850.3
69.596,852.7,1282.0,1686,2,70,12851.9
69.715,852.7,1282.0,1686,2,70,12853.5
69.835,982.2,1282.0,1686,2,70,12855.0
69.957,982.2,1282.0,1686,4,70,12858.1
70.076,982.2,1282.0,1686,3,70,12854.4
70.195,982.2,1282.0,1686,3,70,12851.8
70.314,982.2,1282.0,1686,1,70,12846.3
70.434,982.2,1282.0,1686,3,70,12834.8
70.554,982.2,1282.0,1686,1,70,12826.8
70.675,1111.7,1282.0,1686,1,70,12821.9
70.794,1111.7,1282.0,1686,1,70,12813.1
70.915,1111.7,1282.0,1686,4,70,12811.6
71.033,1111.7,1282.0,1686,1,70,12797.8
71.153,1111.7,1282.0,1686,1,70,12789.5
71.273,1111.7,1282.0,1686,1,70,12783.9
71.391,1111.7,1282.0,1686,4,70,12772.6
71.51,1111.7,1282.0,1686,4,70,12762.6
71.63,1111.7,1282.0,1686,1,70,12755.0
71.75,1111.7,1282.0,1686,1,70,12745.7
71.87,1111.7,1282.0,1686,4,70,12739.4
71.989,1111.7,1282.0,1686,4,70,12730.6
72.109,692.0,1282.0,1686,28,71,12724.8
72.229,853.0,1282.0,1686,25,71,12751.5
72.347,853.0,1282.0,1686,25,70,12780.6
72.465,853.0,1282.0,1686,9,70,12785.0
72.584,982.5,1282.0,1686,2,70,12773.2
72.704,982.5,1282.0,1686,2,70,12768.7
72.823,982.5,1282.0,1686,2,70,12769.0
72.942,982.5,1282.0,1686,5,70,12761.3
73.062,982.5,1282.0,1686,2,70,12750.2
73.182,982.5,1282.0,1686,2,70,12741.0
73.303,982.5,1282.0,1686,1,70,12731.1
73.423,1112.0,1282.0,1686,5,70,12720.7
73.543,1112.0,1282.0,1686,5,70,12715.1
73.663,1112.0,1282.0,1686,2,70,12705.1
73.784,1112.0,1282.0,1686,1,70,12709.7
73.904,692.3,1282.0,1686,56,73,12707.0
74.023,723.8,1282.0,1686,56,71,12701.8
74.144,853.3,1282.0,1686,2,70,12698.7
74.264,853.3,1282.0,1686,2,70,12691.9
74.384,853.3,1282.0,1686,7,70,12701.9
74.505,853.3,1282.0,1686,7,70,12705.6
74.625,982.8,1282.0,1686,3,70,12701.0
74.745,982.8,1282.0,1686,3,70,12715.3
74.865,982.8,1282.0,1686,3,70,12707.2
74.987,982.8,1282.0,1686,4,70,12705.5
75.107,982.8,1282.0,1686,1,70,12694.1
75.227,982.8,1282.0,1686,1,70,12686.3
75.347,982.8,1282.0,1686,1,70,12676.7
75.468,1112.3,1282.0,1686,4,70,12664.2
75.589,1112.3,1282.0,1686,1,70,12658.6
75.709,1112.3,1282.0,1686,1,70,12646.5
75.831,1112.3,1282.0,1686,1,70,12633.7
75.952,1112.3,1282.0,1686,3,70,12621.1
76.073,1112.3,1282.0,1686,0,70,12610.9
76.194,1112.3,1282.0,1686,0,70,12607.1
76.316,1112.3,1282.0,1686,2,70,12604.1
76.435,1112.3,1282.0,1686,5,70,12598.9
76.555,1112.3,1282.0,1686,5,70,12591.2
76.674,692.6,1282.0,1686,11,71,12584.7
76.794,692.6,1282.0,1686,39,70,12576.1
76.914,692.6,1282.0,1686,4,70,12563.8
77.035,724.1,1282.0,1686,4,70,12557.3
77.155,724.1,1282.0,1686,1,70,12551.4
77.275,853.6,1282.0,1686,2,70,12551.8
77.396,853.6,1282.0,1686,2,70,12557.8
77.516,853.6,1282.0,1686,5,70,12568.4
77.633,983.1,1282.0,1686,5,70,12485.1
77.751,983.1,1282.0,1686,6,70,12528.4
77.868,1112.6,1282.0,1686,6,70,12550.4
77.988,1123.4,1282.0,1686,9,71,12547.5
78.106,724.4,1282.0,1686,52,71,12558.1
78.223,853.9,1282.0,1686,52,70,12586.2
78.342,983.4,1282.0,1686,7,70,12460.7
78.46,983.4,1282.0,1686,10,70,12411.9
78.578,1112.9,1282.0,1686,6,70,12305.7
78.698,1112.9,1282.0,1686,6,70,12247.7
78.816,693.1,1282.0,1686,36,72,12218.5
78.936,854.1,1282.0,1686,26,70,12140.1
79.054,854.1,1282.0,1686,26,70,12121.8
79.172,983.6,1282.0,1686,6,70,12154.5
79.29,1113.1,1282.0,1686,8,70,12167.7
79.408,693.4,1282.0,1686,8,70,12137.9
79.526,696.9,1282.0,1686,27,71,12157.6
79.645,854.4,1282.0,1686,35,70,12096.0
79.763,854.4,1282.0,1686,6,70,12080.7
79.881,983.9,1282.0,1686,6,70,12105.5
80.0,1113.4,1282.0,1686,11,70,12117.8
80.118,1113.4,1282.0,1686,6,70,12121.5
80.236,693.7,1282.0,1686,6,72,12120.3
80.354,854.7,1282.0,1686,52,70,12134.1
80.472,854.7,1282.0,1686,9,70,12153.4
80.59,984.2,1282.0,1686,6,70,12127.8
80.709,984.2,1282.0,1686,6,70,12107.6
80.828,1113.7,1282.0,1686,6,70,12121.9
80.946,694.0,1282.0,1686,16,72,12097.5
81.064,725.5,1282.0,1686,16,71,12116.1
81.184,855.0,1282.0,1686,44,70,12114.2
81.303,855.0,1282.0,1686,6,70,12049.1
81.421,984.5,1282.0,1686,9,70,12028.4
81.539,1114.0,1282.0,1686,9,70,12026.8
81.657,1114.0,1282.0,1686,7,70,12052.9
81.775,694.3,1282.0,1686,47,73,12063.5
81.895,855.3,1282.0,1686,47,70,12089.0
82.013,855.3,1282.0,1686,14,70,12099.6
82.132,984.8,1282.0,1686,6,70,12136.4
82.25,984.8,1282.0,1686,6,70,12164.3
82.368,1114.3,1282.0,1686,6,70,12214.5
82.486,1123.0,1282.0,1686,9,70,12222.7
82.606,701.6,1282.0,1686,52,71,12242.5
82.725,855.6,1282.0,1686,52,70,12275.6
82.843,985.1,1282.0,1686,6,70,12306.9
82.962,985.1,1282.0,1686,10,70,12342.5
83.081,1114.6,1282.0,1686,10,70,12375.4
83.199,694.8,1282.0,1686,7,71,12388.4
83.321,726.3,1282.0,1686,53,70,12401.7
83.441,855.8,1282.0,1686,9,70,12415.2
83.56,985.3,1282.0,1686,9,70,12412.4
83.679,985.3,1282.0,1686,3,70,12403.8
83.798,985.3,1282.0,1686,4,70,12403.3
83.917,985.3,1282.0,1686,4,70,12399.9
84.037,985.3,1282.0,1686,5,70,12391.8
84.156,1114.8,1282.0,1686,2,69,12388.2
84.275,1114.8,1282.0,1686,1,69,12379.1
84.394,1114.8,1282.0,1686,1,70,12371.3
84.513,1114.8,1282.0,1686,4,70,12364.1
84.633,1114.8,1282.0,1686,2,69,12361.6
84.755,1114.8,1282.0,1686,2,69,12369.9
84.874,695.1,1282.0,1686,8,71,12372.3
84.999,726.6,1282.0,1686,48,70,12376.0
85.118,856.1,1282.0,1686,4,70,12379.1
85.237,856.1,1282.0,1686,4,70,12373.3
85.357,856.1,1282.0,1686,3,70,12379.8
85.476,985.6,1282.0,1686,7,70,12374.6
85.595,985.6,1282.0,1686,7,70,12370.5
85.714,985.6,1282.0,1686,2,70,12364.9
85.834,985.6,1282.0,1686,2,70,12358.5
85.954,985.6,1282.0,1686,5,70,12352.8
86.072,1115.1,1282.0,1686,5,70,12349.3
86.193,1115.1,1282.0,1686,3,70,12343.3
86.312,1115.1,1282.0,1686,3,70,12354.6
86.43,695.4,1282.0,1686,3,71,12363.9
86.548,856.4,1282.0,1686,55,70,12364.5
86.666,856.4,1282.0,1686,3,70,12362.8
86.785,856.4,1282.0,1686,3,70,12370.8
86.904,985.9,1282.0,1686,3,70,12384.0
87.023,1115.4,1282.0,1686,10,70,12399.5
87.141,1115.4,1282.0,1686,7,70,12360.2
87.259,695.7,1282.0,1686,7,72,12303.5
87.376,856.7,1282.0,1686,52,70,12325.5
87.494,856.7,1282.0,1686,10,70,12354.5
87.611,986.2,1282.0,1686,7,70,12379.9
87.729,986.2,1282.0,1686,7,70,12410.4
87.847,1115.7,1282.0,1686,6,70,12407.0
87.965,696.0,1282.0,1686,11,71,12433.2
88.082,727.5,1282.0,1686,11,71,12379.8
88.2,857.0,1282.0,1686,50,70,12271.2
88.318,986.5,1282.0,1686,7,70,12334.7
88.437,986.5,1282.0,1686,7,69,12386.2
88.554,1116.0,1282.0,1686,10,69,12446.3
88.672,696.2,1282.0,1686,16,72,12472.2
88.79,857.2,1282.0,1686,44,70,12395.5
88.908,986.7,1282.0,1686,44,70,12166.5
89.026,1116.2,1282.0,1686,13,70,12200.8
89.143,1116.2,1282.0,1686,7,69,12228.4
89.261,696.5,1282.0,1686,7,72,12242.1
89.379,857.5,1282.0,1686,52,70,12290.6
89.497,857.5,1282.0,1686,10,70,12336.0
89.614,987.0,1282.0,1686,7,69,12382.6
89.732,1116.5,1282.0,1686,7,69,12431.3
89.85,696.8,1282.0,1686,7,70,12411.3
89.97,728.3,1282.0,1686,56,70,12321.4
90.088,857.8,1282.0,1686,56,70,12339.4
90.205,987.3,1282.0,1686,10,69,12343.9
90.324,1116.8,1282.0,1686,8,69,12326.5
90.444,697.1,1282.0,1686,8,72,12337.2
90.562,728.6,1282.0,1686,45,70,12359.8
90.68,858.1,1282.0,1686,19,70,12399.7
90.798,987.6,1282.0,1686,8,69,12439.8
90.916,1117.1,1282.0,1686,8,69,12426.3
91.036,697.4,1282.0,1686,11,70,12359.1
91.154,728.9,1282.0,1686,53,71,12360.8
91.272,858.4,1282.0,1686,53,70,12339.1
91.39,987.9,1282.0,1686,8,69,12351.7
91.508,1117.4,1282.0,1686,13,69,12315.6
91.627,697.6,1282.0,1686,28,70,12318.1
91.745,729.2,1282.0,1686,28,70,12319.8
91.863,858.7,1282.0,1686,31,70,12299.8
91.981,988.2,1282.0,1686,10,69,12289.9
92.1,1117.7,1282.0,1686,10,69,12270.3
92.219,1128.6,1282.0,1686,8,70,12282.4
92.337,665.5,1282.0,1686,54,70,12317.7
92.458,665.5,1282.0,1686,3,70,12357.7
92.584,665.5,1282.0,1686,3,69,12419.1
92.71,665.5,1282.0,1686,0,69,12295.0
92.836,665.5,1282.0,1686,0,69,12387.4
92.962,665.5,1282.0,1686,3,69,12476.1
93.088,665.5,1282.0,1686,3,69,12575.6
93.213,665.5,1282.0,1686,0,69,12680.7
93.338,665.5,1282.0,1686,0,69,12775.0
93.464,665.5,1282.0,1686,3,70,12723.9
93.592,665.5,1282.0,1686,3,69,12802.1
93.718,665.5,1282.0,1686,0,69,12894.0
93.843,665.5,1282.0,1686,0,69,13001.8
93.969,665.5,1282.0,1686,3,69,12909.5
94.112,665.5,1282.0,1686,3,70,12978.8
94.237,665.5,1282.0,1686,0,69,13052.3
94.364,665.5,1282.0,1686,0,70,13124.8
94.492,665.5,1282.0,1686,3,70,13217.0
94.619,665.5,1282.0,1686,3,70,13298.5
94.746,665.5,1282.0,1686,0,69,13384.4
94.874,665.5,1282.0,1686,0,70,13457.3
94.999,665.5,1282.0,1686,3,69,13479.9
95.119,665.5,1282.0,1686,3,69,13495.5
95.241,665.5,1282.0,1686,0,69,13510.7
95.361,664.1,1282.0,1686,0,69,13462.2
95.483,850.4,1282.0,1686,8,69,13495.9
95.601,850.4,1282.0,1686,8,69,13529.8
95.72,979.9,1282.0,1686,7,69,13561.5
95.84,1109.4,1282.0,1686,6,69,13589.3
95.961,1109.4,1282.0,1686,6,69,13618.7
96.08,690.4,1282.0,1686,10,70,13615.8
96.199,851.4,1282.0,1686,63,69,13647.7
96.319,851.4,1282.0,1686,7,69,13676.6
96.438,980.9,1282.0,1686,8,69,13688.0
96.671,980.9,1282.0,1686,1,69,13667.1
96.963,1110.4,1282.0,1686,1,69,13639.1
97.311,1121.5,1282.0,1686,44,69,13614.9
97.619,851.7,1282.0,1686,1,70,13580.4
97.986,851.7,1282.0,1686,1,70,13546.7
98.343,981.2,1282.0,1686,4,70,13513.3
98.702,981.2,1282.0,1686,1,70,13479.7
99.053,1110.7,1282.0,1686,2,70,13445.5
99.406,691.0,1282.0,1686,53,70,13420.0
99.702,852.0,1282.0,1686,1,70,13382.4
100.045,852.0,1282.0,1686,1,70,13334.6
100.495,981.5,1282.0,1686,1,70,13289.1
100.936,981.5,1282.0,1686,5,70,13249.8
101.204,1111.0,1282.0,1686,4,70,12910.6
101.324,1111.0,1282.0,1686,6,70,12591.3
101.443,691.3,1282.0,1686,6,73,12494.0
101.563,852.3,1282.0,1686,55,70,12489.9
101.681,852.3,1282.0,1686,7,70,12476.7
101.8,981.8,1282.0,1686,7,70,12505.9
101.918,1111.3,1282.0,1686,9,70,12536.3
102.036,1111.3,1282.0,1686,8,70,12565.5
102.154,691.6,1282.0,1686,8,73,12575.4
102.273,852.6,1282.0,1686,52,70,12607.2
102.391,852.6,1282.0,1686,6,70,12637.3
102.509,982.1,1282.0,1686,9,70,12666.2
102.627,982.1,1282.0,1686,9,70,12634.2
102.745,1111.6,1282.0,1686,7,70,12664.1
102.863,1111.6,1282.0,1686,5,70,12688.3
102.981,691.8,1282.0,1686,5,72,12702.8
103.099,852.8,1282.0,1686,55,70,12749.2
103.217,852.8,1282.0,1686,6,70,12802.0
103.335,982.3,1282.0,1686,7,70,12698.5
103.453,1111.8,1282.0,1686,7,70,12748.4
103.571,1111.8,1282.0,1686,9,70,12775.3
103.69,692.1,1282.0,1686,37,73,12789.9
103.808,853.1,1282.0,1686,37,70,12822.3
103.925,853.1,1282.0,1686,22,70,12850.2
104.043,982.6,1282.0,1686,9,70,12888.3
104.16,982.6,1282.0,1686,9,69,12930.5
104.278,1112.1,1282.0,1686,7,70,12964.3
104.395,692.4,1282.0,1686,28,72,12971.5
104.513,853.4,1282.0,1686,36,70,12819.7
104.633,853.4,1282.0,1686,36,70,12825.1
104.751,982.9,1282.0,1686,7,69,12760.1
104.869,1112.4,1282.0,1686,8,69,12807.4
104.987,1112.4,1282.0,1686,8,69,12843.2
105.106,692.7,1282.0,1686,18,71,12860.5
105.224,853.7,1282.0,1686,43,70,12905.1
105.341,853.7,1282.0,1686,7,70,12866.4
105.459,983.2,1282.0,1686,7,69,12854.3
105.577,1112.7,1282.0,1686,9,69,12798.1
105.696,1112.7,1282.0,1686,6,69,12806.7
105.816,693.0,1282.0,1686,6,72,12764.8
105.934,854.0,1282.0,1686,54,70,12752.1
106.052,854.0,1282.0,1686,9,69,12747.3
106.17,983.5,1282.0,1686,9,69,12687.8
106.29,983.5,1282.0,1686,6,69,12694.5
106.408,1113.0,1282.0,1686,7,69,12707.7
106.526,693.2,1282.0,1686,16,71,12717.2
106.643,700.3,1282.0,1686,16,71,12717.8
106.762,854.3,1282.0,1686,45,70,12760.3
106.88,983.8,1282.0,1686,7,69,12756.8
106.998,983.8,1282.0,1686,7,69,12773.8
107.117,1113.3,1282.0,1686,11,69,12808.4
107.235,693.5,1282.0,1686,20,72,12816.1
107.353,854.5,1282.0,1686,41,70,12843.0
107.472,854.5,1282.0,1686,41,69,12823.3
107.595,984.0,1282.0,1686,9,69,12841.7
107.714,1113.5,1282.0,1686,7,69,12855.4
107.832,1113.5,1282.0,1686,7,69,12873.3
107.953,693.8,1282.0,1686,8,72,12873.4
108.072,854.8,1282.0,1686,56,70,12890.5
108.191,854.8,1282.0,1686,7,69,12902.2
108.309,984.3,1282.0,1686,7,69,12933.0
108.429,1113.8,1282.0,1686,8,69,12959.0
108.548,1115.6,1282.0,1686,8,69,12982.6
108.668,701.1,1282.0,1686,8,71,12994.5
108.787,855.1,1282.0,1686,53,69,13026.8
108.906,855.1,1282.0,1686,8,69,13054.2
109.026,984.6,1282.0,1686,3,69,13045.5
109.146,984.6,1282.0,1686,3,69,13040.3
109.268,984.6,1282.0,1686,2,69,13033.1
109.389,984.6,1282.0,1686,3,69,13024.7
109.51,984.6,1282.0,1686,3,69,13022.1
109.629,1114.1,1282.0,1686,4,69,13021.7
109.749,1114.1,1282.0,1686,4,69,13056.6
109.871,694.4,1282.0,1686,53,71,13066.0
109.994,855.4,1282.0,1686,53,70,13104.7
110.114,984.9,1282.0,1686,10,69,13137.1
110.234,984.9,1282.0,1686,3,69,13133.3
110.556,1114.4,1282.0,1686,1,69,13099.9
110.912,1114.4,1282.0,1686,2,69,13064.1
111.284,1114.4,1282.0,1686,37,70,13037.5
111.592,855.7,1282.0,1686,1,69,12967.0
111.869,855.7,1282.0,1686,7,69,12572.5
111.987,985.2,1282.0,1686,7,69,12594.3
112.105,1114.7,1282.0,1686,9,69,12624.0
112.223,1114.7,1282.0,1686,6,69,12652.8
112.341,694.9,1282.0,1686,6,71,12663.6
112.459,855.9,1282.0,1686,55,70,12691.4
112.577,985.4,1282.0,1686,8,69,12720.0
112.695,985.4,1282.0,1686,8,69,12573.2
112.816,1114.9,1282.0,1686,8,69,12603.8
112.934,695.2,1282.0,1686,11,72,12579.3
113.053,856.2,1282.0,1686,52,70,12589.0
113.172,856.2,1282.0,1686,52,69,12622.5
113.289,985.7,1282.0,1686,8,69,12655.9
113.407,1115.2,1282.0,1686,10,69,12688.3
113.527,695.5,1282.0,1686,10,70,12710.8
113.645,727.0,1282.0,1686,29,70,12729.3
113.762,856.5,1282.0,1686,31,69,12722.5
113.881,986.0,1282.0,1686,10,69,12722.5
114.008,986.0,1282.0,1686,10,69,12756.5
114.128,1115.5,1282.0,1686,7,69,12784.4
114.25,695.8,1282.0,1686,19,71,12790.1
114.37,856.8,1282.0,1686,45,70,12810.0
114.489,856.8,1282.0,1686,45,69,12829.3
114.609,986.3,1282.0,1686,7,69,12848.8
114.729,1115.8,1282.0,1686,6,69,12876.2
114.849,1115.8,1282.0,1686,6,69,12908.5
114.97,696.1,1282.0,1686,15,71,12913.6
115.09,857.1,1282.0,1686,49,69,12938.3
115.21,1116.1,1282.0,1686,21,70,12961.3
115.331,857.4,1282.0,1686,21,70,12960.1
115.452,696.6,1282.0,1686,70,72,12958.2
115.572,857.6,1282.0,1686,62,70,12958.8
115.692,696.9,1282.0,1686,62,72,12957.6
115.812,857.9,1282.0,1686,52,70,12967.4
115.944,697.2,1282.0,1686,39,73,12966.0
116.09,1117.2,1282.0,1686,70,70,12960.7
116.225,988.0,1282.0,1686,71,71,12954.5
116.348,697.8,1282.0,1686,71,73,12946.5
116.475,666.4,1284.0,1688,70,72,12947.2
116.605,665.6,1284.0,1688,0,70,12962.4
116.883,665.6,1284.0,1688,3,69,12967.6
117.159,665.6,1284.0,1688,0,70,12971.7
117.466,665.6,1284.0,1688,0,69,12973.8
117.757,665.6,1284.0,1688,3,69,12981.2
118.09,665.6,1284.0,1688,1,69,12510.1
118.218,665.6,1284.0,1688,0,70,12339.2
118.343,665.6,1284.0,1688,0,70,12439.6
118.469,665.6,1284.0,1688,4,70,12537.1
118.594,665.6,1284.0,1688,0,70,12627.0
118.72,665.6,1284.0,1688,0,70,12726.7
118.846,665.6,1284.0,1688,0,70,12828.6
118.973,665.6,1284.0,1688,3,70,12918.5
119.097,665.6,1284.0,1688,1,70,12979.9
119.224,665.6,1284.0,1688,0,70,12953.3
119.35,665.6,1284.0,1688,0,70,13043.9
119.475,665.6,1284.0,1688,3,70,12986.2
119.6,665.6,1284.0,1688,0,70,13086.1
119.726,665.6,1284.0,1688,0,70,13182.9
119.852,665.6,1284.0,1688,0,70,13270.0
119.977,665.6,1284.0,1688,4,70,13361.8
120.101,665.6,1284.0,1688,0,70,13264.5
120.223,665.6,1284.0,1688,0,70,13323.7
120.343,665.6,1284.0,1688,0,70,13370.2
120.463,665.6,1284.0,1688,3,70,13320.7
120.583,720.9,1284.0,1688,2,70,13353.1
120.701,850.4,1284.0,1688,2,70,13386.4
120.819,850.4,1284.0,1688,6,70,13420.5
120.937,979.9,1284.0,1688,9,70,13453.1
121.055,1109.4,1284.0,1688,9,70,13482.4
121.173,1109.4,1284.0,1688,6,70,13516.0
121.291,690.5,1284.0,1688,6,71,13532.1
121.409,722.0,1284.0,1688,56,71,13498.3
121.528,851.5,1284.0,1688,56,70,13437.2
121.646,981.0,1284.0,1688,6,70,13446.5
121.764,981.0,1284.0,1688,7,70,13417.9
121.882,1110.5,1284.0,1688,7,70,13433.9
122.001,690.8,1284.0,1688,10,71,13419.8
122.12,851.8,1284.0,1688,53,71,13435.2
122.238,851.8,1284.0,1688,7,70,13468.9
122.356,981.3,1284.0,1688,7,70,13502.7
122.474,981.3,1284.0,1688,10,70,13537.8
122.591,1110.8,1284.0,1688,7,69,13522.6
122.71,691.1,1284.0,1688,7,73,13276.0
122.827,852.1,1284.0,1688,54,70,13306.2
122.945,852.1,1284.0,1688,11,70,13361.6
123.063,981.6,1284.0,1688,11,70,13422.0
123.181,1111.1,1284.0,1688,8,69,13485.5
123.298,1111.1,1284.0,1688,7,69,13540.6
123.416,691.4,1284.0,1688,57,72,13355.9
123.534,852.4,1284.0,1688,57,70,13279.1
123.651,981.9,1284.0,1688,8,70,13320.7
123.769,1111.4,1284.0,1688,9,69,13380.5
123.887,1111.4,1284.0,1688,9,70,13445.1
124.005,691.7,1284.0,1688,10,73,13459.4
124.123,852.7,1284.0,1688,53,70,13504.5
124.241,852.7,1284.0,1688,6,70,13524.3
124.36,982.2,1284.0,1688,6,69,13349.5
124.478,982.2,1284.0,1688,9,69,13405.7
124.596,1111.7,1284.0,1688,9,69,13466.6
124.714,691.9,1284.0,1688,9,72,13494.2
124.832,723.5,1284.0,1688,50,70,13544.2
124.95,853.0,1284.0,1688,14,70,13336.9
125.069,982.5,1284.0,1688,7,69,13362.5
125.19,1112.0,1284.0,1688,7,69,13417.9
125.308,1112.0,1284.0,1688,7,69,13473.1
125.427,692.2,1284.0,1688,49,72,13486.4
125.545,853.2,1284.0,1688,49,70,13524.0
125.663,853.2,1284.0,1688,14,69,13559.5
125.781,982.7,1284.0,1688,6,69,13551.1
125.901,1112.2,1284.0,1688,6,69,13494.3
126.02,1112.2,1284.0,1688,11,69,13540.0
126.139,692.5,1284.0,1688,19,72,13543.6
126.259,853.5,1284.0,1688,42,70,13575.3
126.378,853.5,1284.0,1688,42,70,13603.7
126.497,983.0,1284.0,1688,10,69,13639.6
126.617,1112.5,1284.0,1688,8,69,13674.1
126.739,692.8,1284.0,1688,8,71,13680.8
126.858,853.8,1284.0,1688,41,70,13707.8
126.979,853.8,1284.0,1688,22,70,13739.6
127.098,983.3,1284.0,1688,7,70,13760.6
127.218,1112.8,1284.0,1688,7,69,13782.1
127.337,1112.8,1284.0,1688,6,69,13772.8
127.457,1112.8,1284.0,1688,5,69,13770.9
127.577,1112.8,1284.0,1688,1,69,13755.3
127.701,1112.8,1284.0,1688,1,69,13752.8
127.82,693.1,1284.0,1688,6,73,13748.3
127.94,696.6,1284.0,1688,51,70,13740.5
128.066,724.6,1284.0,1688,51,70,13726.7
128.187,724.6,1284.0,1688,1,69,13711.2
128.311,724.6,1284.0,1688,0,69,13696.6
128.431,724.6,1284.0,1688,4,69,13680.8
128.552,854.1,1284.0,1688,4,69,13665.8
128.673,854.1,1284.0,1688,0,69,13650.8
128.795,854.1,1284.0,1688,1,69,13635.7
128.916,854.1,1284.0,1688,4,69,13622.0
129.037,854.1,1284.0,1688,4,69,13608.7
129.159,854.1,1284.0,1688,1,69,13593.7
129.281,854.1,1284.0,1688,0,69,13578.0
129.402,854.1,1284.0,1688,0,69,13561.9
129.523,854.1,1284.0,1688,4,69,13547.7
129.645,854.1,1284.0,1688,1,69,13532.1
129.766,854.1,1284.0,1688,1,69,13520.9
129.887,854.1,1284.0,1688,1,69,13504.0
130.009,854.1,1284.0,1688,4,69,13488.0
130.13,854.1,1284.0,1688,0,69,13478.1
130.251,854.1,1284.0,1688,0,69,13460.5
130.372,983.6,1284.0,1688,1,69,13455.8
130.494,983.6,1284.0,1688,5,69,13443.9
130.615,983.6,1284.0,1688,1,69,13439.8
130.736,983.6,1284.0,1688,1,69,13447.6
130.856,1113.1,1284.0,1688,3,69,13453.7
130.977,1113.1,1284.0,1688,6,69,13457.3
131.096,1113.1,1284.0,1688,3,69,13455.3
131.217,1123.1,1284.0,1688,3,70,13451.9
131.336,693.4,1284.0,1688,38,71,13452.1
131.456,724.9,1284.0,1688,20,70,13450.3
131.576,854.4,1284.0,1688,20,70,13453.5
131.697,854.4,1284.0,1688,3,70,13460.7
131.822,854.4,1284.0,1688,3,70,13451.8
131.975,983.9,1284.0,1688,4,70,13437.2
132.101,983.9,1284.0,1688,2,69,13420.4
132.224,983.9,1284.0,1688,2,69,13408.7
132.348,983.9,1284.0,1688,2,70,13396.0
132.47,983.9,1284.0,1688,4,69,13380.9
132.591,983.9,1284.0,1688,4,69,13366.5
132.712,983.9,1284.0,1688,1,69,13356.7
132.832,983.9,1284.0,1688,1,69,13340.1
132.953,983.9,1284.0,1688,0,69,13325.2
133.075,983.9,1284.0,1688,3,69,13293.4
133.278,1113.4,1284.0,1688,1,69,13277.7
133.405,1113.4,1284.0,1688,1,70,13263.1
133.529,1113.4,1284.0,1688,4,69,13248.3
133.654,1113.4,1284.0,1688,1,70,13233.6
133.775,1113.4,1284.0,1688,1,69,13218.0
133.899,1113.4,1284.0,1688,1,70,13223.5
134.023,693.6,1284.0,1688,7,71,13224.9
134.161,725.1,1284.0,1688,2,70,13190.3
134.514,854.6,1284.0,1688,1,70,13150.7
134.895,854.6,1284.0,1688,1,70,13109.2
135.279,984.1,1284.0,1688,4,70,13070.6
135.595,1113.6,1284.0,1688,4,70,13031.6
135.73,1113.6,1284.0,1688,4,69,12586.3
135.849,693.9,1284.0,1688,27,71,12422.3
135.968,854.9,1284.0,1688,38,70,12426.6
136.086,854.9,1284.0,1688,38,70,12434.7
136.204,984.4,1284.0,1688,6,70,12463.1
136.322,1113.9,1284.0,1688,7,70,12493.4
136.44,1113.9,1284.0,1688,7,70,12524.7
136.558,694.2,1284.0,1688,10,72,12536.2
136.677,855.2,1284.0,1688,53,70,12564.8
136.795,855.2,1284.0,1688,7,70,12533.9
136.913,984.7,1284.0,1688,7,70,12583.9
137.031,1114.2,1284.0,1688,10,70,12618.3
137.149,1114.2,1284.0,1688,7,69,12664.7
137.267,694.5,1284.0,1688,7,72,12671.3
137.386,855.5,1284.0,1688,53,70,12561.6
137.505,855.5,1284.0,1688,11,70,12597.3
137.623,985.0,1284.0,1688,6,70,12646.4
137.74,1114.5,1284.0,1688,6,70,12672.8
137.859,1114.5,1284.0,1688,7,69,12681.3
137.977,694.8,1284.0,1688,45,72,12623.1
138.095,855.8,1284.0,1688,45,70,12635.9
138.213,855.8,1284.0,1688,18,70,12604.4
138.331,985.3,1284.0,1688,7,69,12597.3
138.456,1114.8,1284.0,1688,11,69,12620.2
138.573,1114.8,1284.0,1688,11,69,12652.0
138.692,695.0,1284.0,1688,35,72,12661.8
138.81,856.1,1284.0,1688,25,70,12690.8
138.929,985.6,1284.0,1688,25,69,12722.5
139.047,985.6,1284.0,1688,11,69,12761.2
139.166,1115.1,1284.0,1688,7,69,12801.1
139.285,695.3,1284.0,1688,7,72,12808.2
139.403,856.3,1284.0,1688,50,70,12838.7
139.523,856.3,1284.0,1688,14,70,12875.4
139.642,985.8,1284.0,1688,7,69,12911.9
139.761,1115.3,1284.0,1688,7,69,12952.6
139.88,695.6,1284.0,1688,7,70,12639.8
139.998,727.1,1284.0,1688,56,71,12627.4
140.117,856.6,1284.0,1688,56,70,12660.9
140.237,986.1,1284.0,1688,7,70,12654.1
140.355,1115.6,1284.0,1688,8,69,12644.7
140.475,1115.6,1284.0,1688,10,69,12640.3
140.593,695.9,1284.0,1688,10,73,12596.4
140.712,856.9,1284.0,1688,53,70,12617.4
140.83,856.9,1284.0,1688,6,70,12644.6
140.948,986.4,1284.0,1688,6,70,12669.0
141.067,986.4,1284.0,1688,10,69,12699.1
141.184,1115.9,1284.0,1688,6,69,12730.9
141.302,696.2,1284.0,1688,18,70,12505.7
141.421,727.7,1284.0,1688,18,70,12485.8
141.539,857.2,1284.0,1688,46,70,12514.1
141.658,1116.2,1284.0,1688,16,69,12533.6
141.777,696.5,1284.0,1688,16,73,12539.2
141.896,1116.5,1284.0,1688,61,70,12546.8
142.014,696.7,1284.0,1688,53,73,12552.5
142.133,987.2,1284.0,1688,30,70,12568.9
142.251,697.0,1284.0,1688,30,71,12572.5
142.368,858.0,1284.0,1688,65,70,12593.4
142.487,697.3,1284.0,1688,38,71,12604.3
142.605,987.8,1284.0,1688,38,70,12606.9
142.723,697.6,1284.0,1688,61,73,12609.0
142.841,1117.6,1284.0,1688,69,70,12615.8
142.96,858.9,1284.0,1688,69,72,12618.4
143.078,665.8,1284.0,1688,72,73,12620.4
143.196,665.8,1284.0,1688,65,70,12729.6
143.321,665.8,1284.0,1688,0,70,12826.3
143.446,665.8,1284.0,1688,0,70,12818.3
143.572,665.8,1284.0,1688,3,69,12806.1
143.699,665.8,1284.0,1688,0,69,12842.4
143.826,665.8,1284.0,1688,0,69,12798.4
143.952,665.8,1284.0,1688,0,69,12891.9
144.077,665.8,1284.0,1688,3,69,12981.8
144.203,665.8,1284.0,1688,0,69,13077.2
144.33,665.8,1284.0,1688,0,69,13110.4
144.458,665.8,1284.0,1688,0,70,13059.7
144.583,665.8,1284.0,1688,3,69,13149.3
144.71,665.8,1284.0,1688,0,69,13237.6
144.835,665.8,1284.0,1688,0,69,13333.2
144.961,665.8,1284.0,1688,0,70,13294.7
145.09,665.8,1284.0,1688,3,69,13261.0
145.225,665.8,1284.0,1688,0,70,13319.8
145.346,665.8,1284.0,1688,0,70,13344.5
145.465,665.0,1284.0,1688,0,70,13288.9
145.583,850.5,1284.0,1688,4,70,13319.0
145.701,850.5,1284.0,1688,6,70,13347.1
145.82,980.0,1284.0,1688,6,70,13376.1
145.938,980.0,1284.0,1688,6,69,13402.6
146.055,1109.5,1284.0,1688,10,69,13427.5
146.173,1110.5,1284.0,1688,6,69,13450.7
146.291,690.7,1284.0,1688,6,70,13451.0
146.409,722.2,1284.0,1688,87,69,13473.1
146.526,851.7,1284.0,1688,10,69,13414.4
146.646,981.2,1284.0,1688,10,69,13436.6
146.764,1110.7,1284.0,1688,9,69,13475.8
146.884,691.0,1284.0,1688,8,69,13509.8
147.002,691.0,1284.0,1688,79,71,13510.2
147.122,852.0,1284.0,1688,79,70,13538.9
147.243,981.5,1284.0,1688,12,69,13566.6
147.361,1111.0,1284.0,1688,9,69,13594.5
147.481,691.3,1284.0,1688,9,70,13609.9
147.601,691.3,1284.0,1688,29,71,13606.0
147.72,852.3,1284.0,1688,58,70,13633.7
147.84,981.8,1284.0,1688,8,70,13677.2
147.959,1111.3,1284.0,1688,8,69,13712.4
148.078,691.6,1284.0,1688,12,71,13730.0
148.207,691.6,1284.0,1688,69,71,13734.1
148.349,852.6,1284.0,1688,5,70,13739.0
148.608,982.1,1284.0,1688,4,70,13730.8
148.893,982.1,1284.0,1688,5,69,13707.3
149.202,1111.6,1284.0,1688,1,70,13673.3
149.539,1111.6,1284.0,1688,1,69,13635.5
149.918,691.8,1284.0,1688,10,74,13627.3
150.054,723.3,1284.0,1688,1,70,13593.0
150.418,852.8,1284.0,1688,5,70,13557.1
150.783,852.8,1284.0,1688,4,70,13522.2
151.136,982.3,1284.0,1688,1,70,13485.6
151.493,982.3,1284.0,1688,1,70,13425.3
151.855,1111.8,1284.0,1688,4,70,13392.3
152.191,692.1,1284.0,1688,32,70,13371.5
152.458,723.6,1284.0,1688,5,70,13330.9
152.779,853.1,1284.0,1688,3,70,13298.9
153.13,853.1,1284.0,1688,1,70,13267.2
153.483,982.6,1284.0,1688,1,70,13226.1
153.896,1112.1,1284.0,1688,4,70,13186.6
154.285,1112.1,1284.0,1688,3,70,13151.1
154.643,692.4,1284.0,1688,72,72,13140.9
154.819,723.9,1284.0,1688,3,70,13107.2
155.153,853.4,1284.0,1688,2,70,13073.9
155.485,853.4,1284.0,1688,5,70,13056.2
155.754,982.9,1284.0,1688,2,70,12792.8
155.874,1112.4,1284.0,1688,8,70,12357.6
155.994,1125.3,1284.0,1688,8,70,12281.2
156.112,692.7,1284.0,1688,31,73,12285.7
156.23,853.7,1284.0,1688,50,70,12324.5
156.351,853.7,1284.0,1688,8,70,12355.7
156.468,983.2,1284.0,1688,8,70,12389.2
156.586,1112.7,1284.0,1688,9,70,12427.0
156.705,1112.7,1284.0,1688,7,70,12460.3
156.823,693.0,1284.0,1688,7,73,12470.6
156.94,700.0,1284.0,1688,62,71,12492.8
157.058,854.0,1284.0,1688,20,70,12528.2
157.175,854.0,1284.0,1688,20,70,12556.5
157.293,983.5,1284.0,1688,6,70,12587.1
157.411,1113.0,1284.0,1688,8,70,12614.6
157.531,1113.0,1284.0,1688,8,69,12653.6
157.648,693.2,1284.0,1688,8,73,12656.6
157.765,854.3,1284.0,1688,73,70,12685.4
157.883,854.3,1284.0,1688,9,70,12724.8
158.001,983.8,1284.0,1688,9,70,12732.9
158.12,1113.3,1284.0,1688,8,69,12625.2
158.238,1113.3,1284.0,1688,7,69,12599.2
158.356,693.5,1284.0,1688,53,73,12606.3
158.474,725.0,1284.0,1688,53,70,12631.0
158.591,854.5,1284.0,1688,29,70,12669.4
158.71,984.0,1284.0,1688,7,70,12701.3
158.827,1113.5,1284.0,1688,7,69,12715.9
158.946,1113.5,1284.0,1688,10,69,12655.6
159.064,693.8,1284.0,1688,29,73,12669.7
159.183,725.3,1284.0,1688,29,70,12670.0
159.302,854.8,1284.0,1688,52,70,12677.6
159.419,984.3,1284.0,1688,8,70,12697.0
159.537,984.3,1284.0,1688,9,69,12652.9
159.657,1113.8,1284.0,1688,9,69,12675.1
159.775,1118.5,1284.0,1688,6,70,12672.9
159.914,694.1,1284.0,1688,63,72,12656.4
160.032,855.1,1284.0,1688,27,70,12636.3
160.15,855.1,1284.0,1688,27,70,12613.6
160.268,984.6,1284.0,1688,6,69,12623.8
160.386,984.6,1284.0,1688,9,69,12625.2
160.513,1114.1,1284.0,1688,9,69,12626.8
160.632,694.4,1284.0,1688,7,71,12630.1
160.752,697.9,1284.0,1688,70,71,12635.3
160.871,855.4,1284.0,1688,12,70,12666.1
160.99,984.9,1284.0,1688,12,70,12691.3
161.11,984.9,1284.0,1688,6,69,12719.4
161.227,1114.4,1284.0,1688,7,69,12750.4
161.346,694.7,1284.0,1688,7,70,12320.9
161.466,694.7,1284.0,1688,35,72,12219.4
161.584,855.7,1284.0,1688,49,70,12271.0
161.702,855.7,1284.0,1688,7,69,12306.5
161.819,985.2,1284.0,1688,7,69,12350.6
161.937,1114.7,1284.0,1688,9,69,12391.6
162.054,1114.7,1284.0,1688,7,69,12429.8
162.172,694.9,1284.0,1688,7,73,12364.8
162.289,726.4,1284.0,1688,73,70,12390.7
162.407,855.9,1284.0,1688,9,70,12421.2
162.525,985.4,1284.0,1688,9,69,12456.4
162.642,985.4,1284.0,1688,6,69,12489.8
162.76,1114.9,1284.0,1688,6,69,12524.4
162.877,695.2,1284.0,1688,22,70,12550.9
162.995,695.2,1284.0,1688,22,71,12558.9
163.113,856.2,1284.0,1688,61,70,12591.2
163.231,856.2,1284.0,1688,6,69,12619.2
163.349,985.7,1284.0,1688,6,69,12631.7
163.468,1115.2,1284.0,1688,10,69,12560.9
163.586,1115.2,1284.0,1688,6,69,12582.7
163.704,695.5,1284.0,1688,6,72,12496.1
163.821,727.0,1284.0,1688,54,70,12519.4
163.939,856.5,1284.0,1688,28,69,12554.1
164.058,986.0,1284.0,1688,7,69,12592.4
164.176,986.0,1284.0,1688,7,69,12630.3
164.295,1115.5,1284.0,1688,6,69,12665.9
164.412,1115.5,1284.0,1688,9,69,12675.7
164.531,695.8,1284.0,1688,9,73,12579.3
164.649,856.8,1284.0,1688,73,70,12592.9
164.77,856.8,1284.0,1688,8,69,12561.2
164.888,986.3,1284.0,1688,9,69,12574.5
165.006,1115.8,1284.0,1688,9,69,12583.0
165.124,1115.8,1284.0,1688,7,69,12538.2
165.242,696.1,1284.0,1688,31,72,12550.1
165.36,727.6,1284.0,1688,31,70,12564.6
165.479,857.1,1284.0,1688,52,69,12590.5
165.597,986.6,1284.0,1688,7,69,12613.4
165.715,986.6,1284.0,1688,6,69,12639.6
165.833,1116.1,1284.0,1688,6,69,12672.1
165.95,1116.1,1284.0,1688,10,69,12699.4
166.068,696.3,1284.0,1688,63,73,12700.4
166.187,857.4,1284.0,1688,63,70,12670.3
166.309,1116.4,1284.0,1688,18,69,12691.9
166.429,696.6,1284.0,1688,25,70,12695.3
166.547,857.6,1284.0,1688,75,71,12690.5
166.667,1124.3,1284.0,1688,75,69,12689.4
166.787,696.9,1284.0,1688,55,71,12681.4
166.909,987.4,1284.0,1688,45,70,12688.9
167.028,697.2,1284.0,1688,45,71,12683.7
167.147,858.2,1284.0,1688,61,71,12680.9
167.267,1130.9,1284.0,1688,42,70,12682.1
167.385,697.5,1284.0,1688,81,73,12672.2
167.505,1117.5,1284.0,1688,81,70,12669.4
167.624,697.8,1284.0,1688,46,73,12659.9
167.743,1117.8,1284.0,1688,65,70,12655.9
167.863,698.0,1284.0,1688,65,73,12646.8
167.983,1118.0,1284.0,1688,83,70,12641.2
168.103,665.9,1284.0,1688,67,73,12635.6
168.222,665.9,1284.0,1688,29,70,12716.9
168.349,665.9,1284.0,1688,29,70,12782.3
168.475,665.9,1284.0,1688,3,69,12846.1
168.604,665.9,1284.0,1688,0,69,12912.0
168.732,665.9,1284.0,1688,0,69,12976.0
168.86,665.9,1284.0,1688,0,69,13033.1
168.989,665.9,1284.0,1688,4,69,13097.5
169.117,665.9,1284.0,1688,0,69,13156.9
169.244,665.9,1284.0,1688,0,69,13208.3
169.375,665.9,1284.0,1688,3,69,13235.3
169.651,665.9,1284.0,1688,0,69,13279.9
169.785,665.9,1284.0,1688,3,69,13293.8
170.089,665.9,1284.0,1688,0,69,13300.7
170.379,665.9,1284.0,1688,4,69,13309.5
170.642,665.9,1284.0,1688,0,70,13321.5
170.826,665.9,1284.0,1688,0,69,13148.6
170.955,665.9,1284.0,1688,3,70,12693.5
171.105,665.9,1284.0,1688,0,69,12778.7
171.231,665.9,1284.0,1688,0,69,12880.1
171.358,665.9,1284.0,1688,0,70,12977.8
171.485,665.9,1284.0,1688,3,70,13076.2
171.611,665.9,1284.0,1688,0,70,13164.0
171.737,665.9,1284.0,1688,0,70,13214.9
171.857,665.9,1284.0,1688,0,70,13239.5
171.978,665.9,1284.0,1688,3,70,13132.5
172.097,665.9,1284.0,1688,0,70,13188.5
172.217,665.9,1284.0,1688,0,70,13238.5
172.337,665.9,1284.0,1688,0,70,13289.8
172.456,665.9,1284.0,1688,3,70,13326.7
172.575,665.9,1284.0,1688,0,70,13261.9
172.696,721.1,1284.0,1688,0,69,13296.1
172.814,850.6,1284.0,1688,4,70,13330.3
172.931,980.1,1284.0,1688,9,70,13365.7
173.05,980.1,1284.0,1688,9,69,13394.9
173.167,1109.6,1284.0,1688,6,69,13427.4
173.285,1109.6,1284.0,1688,6,69,13461.4
173.403,690.9,1284.0,1688,6,72,13473.7
173.521,697.9,1284.0,1688,49,71,13490.7
173.638,851.9,1284.0,1688,33,70,13483.3
173.756,981.4,1284.0,1688,7,70,13305.4
173.874,981.4,1284.0,1688,7,70,13333.6
173.993,1110.9,1284.0,1688,10,69,13367.4
174.111,1123.9,1284.0,1688,6,70,13395.5
174.229,691.2,1284.0,1688,6,73,13395.7
174.347,852.2,1284.0,1688,74,70,13426.7
174.465,852.2,1284.0,1688,10,70,13455.5
174.583,981.7,1284.0,1688,7,69,13488.2
174.701,1111.2,1284.0,1688,7,69,13469.8
174.82,1111.2,1284.0,1688,8,70,13390.6
174.937,691.4,1284.0,1688,65,72,13392.4
175.056,852.4,1284.0,1688,65,70,13421.3
175.174,852.4,1284.0,1688,19,70,13455.8
175.292,981.9,1284.0,1688,7,69,13496.8
175.41,1111.4,1284.0,1688,7,69,13532.3
175.528,1126.5,1284.0,1688,11,69,13519.3
175.646,691.7,1284.0,1688,48,73,13409.3
175.764,852.7,1284.0,1688,34,70,13439.1
175.881,982.2,1284.0,1688,34,69,13475.0
175.999,982.2,1284.0,1688,12,69,13511.3
176.117,1111.7,1284.0,1688,7,69,13554.1
176.235,692.0,1284.0,1688,7,71,13512.6
176.354,692.0,1284.0,1688,43,71,13418.4
176.473,853.0,1284.0,1688,40,70,13393.9
176.59,853.0,1284.0,1688,6,69,13410.6
176.708,982.5,1284.0,1688,6,69,13390.3
176.826,1112.0,1284.0,1688,6,69,13350.8
176.945,1112.0,1284.0,1688,10,69,13382.2
177.062,692.3,1284.0,1688,10,72,13389.3
177.18,723.8,1284.0,1688,69,70,13412.0
177.298,853.3,1284.0,1688,12,70,13448.4
177.416,982.8,1284.0,1688,12,69,13483.7
177.534,982.8,1284.0,1688,10,69,13520.8
177.653,1112.3,1284.0,1688,7,69,13508.7
177.772,692.6,1284.0,1688,22,70,13369.4
177.896,692.6,1284.0,1688,22,71,13383.8
178.014,853.6,1284.0,1688,63,70,13416.1
178.132,853.6,1284.0,1688,5,69,13448.6
178.25,983.1,1284.0,1688,5,69,13484.0
178.368,983.1,1284.0,1688,6,69,13515.6
178.486,1112.6,1284.0,1688,10,69,13546.6
178.604,692.8,1284.0,1688,26,71,13565.9
178.722,696.4,1284.0,1688,26,71,13575.8
178.842,853.9,1284.0,1688,54,70,13598.8
178.962,983.4,1284.0,1688,11,69,13626.5
179.082,1112.9,1284.0,1688,11,69,13657.3
179.202,1112.9,1284.0,1688,8,69,13680.2
179.322,693.1,1284.0,1688,40,73,13671.4
179.442,854.1,1284.0,1688,44,70,13698.1
179.562,854.1,1284.0,1688,44,69,13728.5
179.681,983.6,1284.0,1688,7,69,13754.9
179.801,1113.1,1284.0,1688,7,69,13780.5
179.921,1126.2,1284.0,1688,27,72,13791.2
180.11,724.9,1284.0,1688,1,69,13764.7
180.447,854.4,1284.0,1688,1,69,13737.8
180.764,983.9,1284.0,1688,4,69,13707.0
181.076,983.9,1284.0,1688,1,69,13670.2
181.432,1113.4,1284.0,1688,1,69,13635.5
181.779,693.7,1284.0,1688,24,70,13613.2
182.05,854.7,1284.0,1688,3,69,13580.3
182.376,854.7,1284.0,1688,6,69,13544.7
182.693,984.2,1284.0,1688,4,69,13509.9
183.023,1113.7,1284.0,1688,2,69,13474.2
183.352,1113.7,1284.0,1688,6,69,13439.3
183.716,694.0,1284.0,1688,73,72,13426.2
183.919,725.5,1284.0,1688,1,70,13391.9
184.271,855.0,1284.0,1688,2,69,13350.6
184.614,855.0,1284.0,1688,1,69,13303.0
184.979,984.5,1284.0,1688,1,69,13258.0
185.333,1114.0,1284.0,1688,5,69,13208.6
185.712,1114.0,1284.0,1688,3,69,13156.9
185.973,694.3,1284.0,1688,57,73,12724.6
186.094,725.8,1284.0,1688,57,70,12667.4
186.213,855.3,1284.0,1688,24,70,12696.7
186.331,984.8,1284.0,1688,6,70,12725.7
186.449,984.8,1284.0,1688,6,70,12758.7
186.568,1114.3,1284.0,1688,9,69,12797.3
186.686,1114.3,1284.0,1688,6,69,12827.1
186.803,694.5,1284.0,1688,65,73,12827.7
186.921,855.5,1284.0,1688,65,70,12859.2
187.039,855.5,1284.0,1688,18,70,12894.9
187.156,985.0,1284.0,1688,6,69,12895.2
187.275,985.0,1284.0,1688,6,69,12697.1
187.393,1114.5,1284.0,1688,6,69,12725.5
187.512,1114.5,1284.0,1688,9,69,12762.5
187.629,694.8,1284.0,1688,64,73,12765.5
187.747,855.8,1284.0,1688,64,70,12795.3
187.866,855.8,1284.0,1688,16,70,12829.5
187.984,985.3,1284.0,1688,9,69,12859.7
188.102,985.3,1284.0,1688,9,69,12894.5
188.22,1114.8,1284.0,1688,6,69,12930.5
188.338,1114.8,1284.0,1688,6,69,12842.4
188.457,695.1,1284.0,1688,48,72,12557.7
188.579,702.1,1284.0,1688,48,70,12575.8
188.698,856.1,1284.0,1688,34,70,12605.0
188.816,856.1,1284.0,1688,5,69,12635.6
188.934,985.6,1284.0,1688,5,69,12662.9
189.052,985.6,1284.0,1688,9,69,12691.6
189.17,1115.1,1284.0,1688,6,69,12717.9
189.288,695.4,1284.0,1688,6,70,12741.8
189.408,695.4,1284.0,1688,23,72,12746.4
189.527,856.4,1284.0,1688,60,70,12769.7
189.644,856.4,1284.0,1688,5,69,12792.4
189.763,985.9,1284.0,1688,5,69,12817.2
189.881,985.9,1284.0,1688,6,69,12843.5
189.998,1115.4,1284.0,1688,9,69,12870.7
190.117,1115.4,1284.0,1688,9,69,12900.6
190.235,695.7,1284.0,1688,6,72,12877.6
190.353,727.2,1284.0,1688,74,70,12865.3
190.475,856.7,1284.0,1688,9,69,12882.5
190.594,986.2,1284.0,1688,9,69,12905.9
190.713,986.2,1284.0,1688,6,69,12925.1
190.833,1115.7,1284.0,1688,6,69,12946.1
190.952,1115.7,1284.0,1688,6,69,12962.7
191.071,695.9,1284.0,1688,26,73,12957.7
191.191,857.0,1284.0,1688,58,70,12976.7
191.31,857.0,1284.0,1688,5,69,12995.8
191.429,986.5,1284.0,1688,5,69,13016.8
191.55,1116.0,1284.0,1688,9,69,13042.8
191.669,1116.0,1284.0,1688,6,69,13061.9
191.789,696.2,1284.0,1688,6,72,13048.0
191.909,727.7,1284.0,1688,53,70,13051.1
192.029,857.2,1284.0,1688,30,69,12929.6
192.151,986.7,1284.0,1688,7,69,12585.3
192.27,1116.2,1284.0,1688,7,69,12622.9
192.389,1116.2,1284.0,1688,6,69,12655.1
192.507,696.5,1284.0,1688,20,70,12671.6
192.625,696.5,1284.0,1688,20,71,12692.2
192.743,857.5,1284.0,1688,64,69,12731.7
192.862,987.0,1284.0,1688,10,69,12749.4
192.981,1116.5,1284.0,1688,15,69,12767.8
193.099,696.8,1284.0,1688,15,73,12767.8
193.216,987.3,1284.0,1688,77,70,12776.6
193.335,1116.8,1284.0,1688,18,69,12784.8
193.453,697.1,1284.0,1688,18,73,12784.9
193.571,858.1,1284.0,1688,79,70,12798.8
193.688,1117.1,1284.0,1688,13,69,12810.3
193.807,697.4,1284.0,1688,13,71,12813.9
193.925,858.4,1284.0,1688,50,71,12818.8
194.044,987.9,1284.0,1688,48,70,12832.3
194.163,697.6,1284.0,1688,48,72,12835.7
194.284,858.6,1284.0,1688,48,70,12839.8
194.402,1117.6,1284.0,1688,51,70,12803.8
194.524,697.9,1284.0,1688,60,73,12707.7
194.642,988.4,1284.0,1688,60,70,12695.9
194.761,698.2,1284.0,1688,45,71,12700.2
194.878,859.2,1284.0,1688,79,71,12705.6
194.998,666.1,1284.0,1688,54,71,12707.8
195.115,666.1,1284.0,1688,54,71,12765.6
195.24,666.1,1284.0,1688,47,70,12858.0
195.366,666.1,1284.0,1688,0,69,12946.9
195.492,666.1,1284.0,1688,3,69,13015.8
195.619,666.1,1284.0,1688,3,69,12967.7
195.746,666.1,1284.0,1688,0,69,12992.0
195.871,666.1,1284.0,1688,0,69,12967.6
195.998,666.1,1284.0,1688,3,69,13024.3
196.126,666.1,1284.0,1688,3,69,13097.0
196.253,666.1,1284.0,1688,0,69,13089.0
196.379,666.1,1284.0,1688,0,69,13159.7
196.505,666.1,1284.0,1688,3,69,13173.5
196.631,666.1,1284.0,1688,3,69,13155.7
196.765,666.1,1284.0,1688,0,69,13249.5
196.891,666.1,1284.0,1688,0,69,13327.4
197.016,666.1,1284.0,1688,3,69,13394.2
197.137,666.1,1284.0,1688,3,69,13432.4
197.259,666.1,1284.0,1688,0,69,13452.2
197.378,664.1,1284.0,1688,1,69,13383.1
197.496,721.2,1284.0,1688,6,69,13415.1
197.614,850.7,1284.0,1688,6,69,13446.2
197.732,980.2,1284.0,1688,6,69,13475.7
197.85,980.2,1284.0,1688,6,69,13504.6
197.968,1109.7,1284.0,1688,6,69,13530.8
198.087,1109.7,1284.0,1688,10,68,13561.0
198.204,691.0,1304.0,1708,33,70,13569.7
198.321,691.0,1304.0,1708,33,69,13514.6
198.439,852.1,1304.0,1708,63,69,13472.1
198.557,981.6,1304.0,1708,9,69,13495.4
198.676,981.6,1304.0,1708,8,69,13525.0
198.795,1111.1,1304.0,1708,8,68,13562.4
198.915,691.3,1304.0,1708,8,70,13567.7
199.035,691.3,1304.0,1708,84,70,13566.9
199.155,852.3,1304.0,1708,84,69,13594.1
199.275,981.8,1304.0,1708,8,69,13619.8
199.394,1111.3,1304.0,1708,8,69,13645.6
199.514,1111.3,1304.0,1708,11,69,13666.0
199.634,691.6,1304.0,1708,11,72,13657.5
199.754,852.6,1304.0,1708,76,70,13677.1
199.874,982.1,1304.0,1708,9,69,13706.6
199.994,982.1,1304.0,1708,9,69,13731.7
200.114,1111.6,1304.0,1708,10,69,13757.9
200.234,691.9,1304.0,1708,31,73,13752.0
200.354,852.9,1304.0,1708,53,70,13764.9
200.484,852.9,1304.0,1708,1,69,13752.4
200.799,982.4,1304.0,1708,4,69,13734.7
201.081,982.4,1304.0,1708,2,69,13709.4
201.408,1111.9,1304.0,1708,4,69,13682.4
201.728,692.2,1304.0,1708,75,70,13657.7
202.044,723.7,1304.0,1708,1,69,13626.3
202.384,853.2,1304.0,1708,3,69,13596.2
202.697,853.2,1304.0,1708,2,69,13562.7
203.041,982.7,1304.0,1708,1,69,13532.4
203.379,1112.2,1304.0,1708,3,69,13496.7
203.737,1112.2,1304.0,1708,3,69,13464.5
204.055,692.5,1304.0,1708,29,72,13454.9
204.239,724.0,1304.0,1708,2,69,13423.4
204.555,853.5,1304.0,1708,1,69,13388.4
204.921,983.0,1304.0,1708,3,69,13354.0
205.28,983.0,1304.0,1708,4,69,13320.4
205.623,1112.5,1304.0,1708,3,69,13285.3
205.969,1112.5,1304.0,1708,4,70,13255.7
206.301,692.7,1304.0,1708,21,71,13241.8
206.478,853.7,1304.0,1708,1,69,13207.2
206.832,853.7,1304.0,1708,4,69,13183.4
207.107,983.2,1304.0,1708,4,69,13122.9
207.23,983.2,1304.0,1708,6,69,12774.3
207.348,1112.7,1304.0,1708,6,69,12816.8
207.467,693.0,1304.0,1708,9,71,12841.8
207.585,693.0,1304.0,1708,57,73,12842.8
207.702,854.0,1304.0,1708,23,70,12871.0
207.82,854.0,1304.0,1708,23,70,12899.6
207.938,983.5,1304.0,1708,9,70,12930.5
208.055,983.5,1304.0,1708,6,69,12912.6
208.174,1113.0,1304.0,1708,6,69,12822.0
208.292,693.3,1304.0,1708,8,71,12813.5
208.41,693.3,1304.0,1708,76,71,12796.3
208.529,854.3,1304.0,1708,76,70,12782.4
208.648,854.3,1304.0,1708,8,70,12816.2
208.766,983.8,1304.0,1708,6,69,12846.9
208.884,1113.3,1304.0,1708,9,69,12877.5
209.002,1113.3,1304.0,1708,9,69,12913.7
209.122,693.6,1304.0,1708,7,72,12927.7
209.24,697.1,1304.0,1708,74,70,12843.0
209.359,854.6,1304.0,1708,74,70,12526.8
209.477,984.1,1304.0,1708,11,69,12563.6
209.595,984.1,1304.0,1708,7,69,12602.9
209.713,1113.6,1304.0,1708,7,69,12639.9
209.831,693.9,1304.0,1708,7,72,12647.9
209.949,693.9,1304.0,1708,72,71,12661.0
210.067,854.9,1304.0,1708,11,70,12690.2
210.185,854.9,1304.0,1708,11,69,12720.7
210.303,984.4,1304.0,1708,6,69,12746.8
210.421,1113.9,1304.0,1708,11,69,12783.3
210.54,1113.9,1304.0,1708,11,69,12811.4
210.658,694.1,1304.0,1708,11,73,12811.7
210.776,725.7,1304.0,1708,69,70,12839.1
210.894,855.2,1304.0,1708,9,69,12872.3
211.012,984.7,1304.0,1708,9,69,12906.6
211.13,984.7,1304.0,1708,7,69,12857.5
211.249,1114.2,1304.0,1708,7,69,12768.5
211.366,694.4,1304.0,1708,7,70,12789.7
211.485,694.4,1304.0,1708,38,71,12794.8
211.603,855.4,1304.0,1708,46,70,12822.4
211.721,855.4,1304.0,1708,6,69,12849.2
211.839,984.9,1304.0,1708,6,69,12879.0
211.958,984.9,1304.0,1708,9,69,12893.3
212.079,1114.4,1304.0,1708,7,69,12730.2
212.2,694.7,1304.0,1708,7,72,12746.2
212.318,694.7,1304.0,1708,45,70,12754.5
212.436,855.7,1304.0,1708,38,70,12785.2
212.554,855.7,1304.0,1708,6,69,12818.7
212.671,985.2,1304.0,1708,6,69,12855.4
212.789,985.2,1304.0,1708,6,69,12882.7
212.907,1114.7,1304.0,1708,10,69,12747.0
213.025,695.0,1304.0,1708,10,71,12761.5
213.143,695.0,1304.0,1708,58,70,12776.1
213.263,856.0,1304.0,1708,23,69,12812.8
213.383,985.5,1304.0,1708,10,69,12838.1
213.503,985.5,1304.0,1708,10,69,12847.1
213.622,1115.0,1304.0,1708,7,69,12882.0
213.741,1127.0,1304.0,1708,9,70,12764.4
213.862,695.3,1304.0,1708,9,72,12399.7
213.982,856.3,1304.0,1708,75,70,12430.2
214.1,856.3,1304.0,1708,6,69,12462.6
214.218,985.8,1304.0,1708,6,69,12494.5
214.336,985.8,1304.0,1708,7,69,12525.1
214.454,1115.3,1304.0,1708,9,69,12559.4
214.572,695.6,1304.0,1708,15,70,12579.6
214.69,695.6,1304.0,1708,15,71,12583.6
214.809,856.6,1304.0,1708,65,69,12621.8
214.927,856.6,1304.0,1708,9,69,12656.8
215.045,986.1,1304.0,1708,9,69,12693.8
215.163,986.1,1304.0,1708,6,69,12734.6
215.281,1115.6,1304.0,1708,6,69,12776.9
215.402,695.8,1304.0,1708,19,69,12810.9
215.52,695.8,1304.0,1708,19,73,12812.0
215.638,856.8,1304.0,1708,65,69,12840.8
215.756,856.8,1304.0,1708,6,69,12844.4
215.875,986.3,1304.0,1708,6,69,12768.6
215.994,986.3,1304.0,1708,9,69,12719.2
216.112,1115.8,1304.0,1708,6,69,12747.2
216.23,1115.8,1304.0,1708,5,69,12771.6
216.349,696.1,1304.0,1708,5,73,12775.7
216.467,727.6,1304.0,1708,78,70,12796.5
216.585,857.1,1304.0,1708,5,69,12822.7
216.702,857.1,1304.0,1708,5,69,12848.4
216.82,986.6,1304.0,1708,5,69,12850.1
216.941,1116.1,1304.0,1708,9,69,12652.8
217.067,1116.1,1304.0,1708,6,69,12678.6
217.185,696.4,1304.0,1708,6,71,12691.6
217.304,727.9,1304.0,1708,68,70,12703.5
217.421,857.4,1304.0,1708,15,69,12726.3
217.54,857.4,1304.0,1708,15,69,12749.4
217.657,986.9,1304.0,1708,6,69,12771.8
217.775,986.9,1304.0,1708,5,69,12797.4
217.893,1116.4,1304.0,1708,5,69,12822.0
218.011,1116.4,1304.0,1708,9,69,12843.9
218.129,696.7,1304.0,1708,38,72,12844.8
218.247,857.7,1304.0,1708,43,69,12872.0
218.365,857.7,1304.0,1708,43,69,12843.7
218.484,987.2,1304.0,1708,11,69,12866.1
218.606,1116.7,1304.0,1708,10,69,12884.1
218.726,697.0,1304.0,1708,10,72,12881.6
218.846,858.0,1304.0,1708,63,70,12885.4
218.969,1117.0,1304.0,1708,32,69,12888.6
219.089,697.2,1304.0,1708,59,73,12880.4
219.209,858.2,1304.0,1708,59,70,12888.9
219.33,987.8,1304.0,1708,32,69,12895.0
219.45,697.5,1304.0,1708,31,72,12890.8
219.569,858.5,1304.0,1708,31,70,12889.5
219.69,1117.5,1304.0,1708,68,69,12893.8
219.811,697.8,1304.0,1708,40,73,12884.5
219.931,988.3,1304.0,1708,64,70,12880.9
220.051,698.1,1304.0,1708,64,72,12875.6
220.17,859.1,1304.0,1708,59,70,12869.4
220.291,1118.1,1304.0,1708,45,70,12867.8
220.41,698.4,1304.0,1708,83,73,12858.9
220.531,1118.4,1304.0,1708,83,70,12857.2
220.651,666.3,1304.0,1708,54,73,12852.9
220.771,666.3,1304.0,1708,44,70,12935.5
220.896,666.3,1304.0,1708,44,69,12990.3
221.023,666.3,1304.0,1708,3,69,13054.2
221.152,666.3,1304.0,1708,0,69,13109.3
221.28,666.3,1304.0,1708,0,69,13170.7
221.406,666.3,1304.0,1708,3,69,13199.9
221.673,666.3,1304.0,1708,0,69,13213.2
221.931,666.3,1304.0,1708,3,69,13253.2
222.136,666.3,1304.0,1708,0,69,13265.1
222.402,666.3,1304.0,1708,3,69,13268.4
222.683,666.3,1304.0,1708,0,69,13225.1
222.902,666.3,1304.0,1708,0,69,12778.2
223.029,666.3,1304.0,1708,3,69,12854.3
223.155,666.3,1304.0,1708,0,69,12946.6
223.281,666.3,1304.0,1708,0,69,13030.2
223.406,666.3,1304.0,1708,0,69,13115.9
223.531,666.3,1304.0,1708,4,69,12899.0
223.659,666.3,1304.0,1708,0,69,12936.6
223.784,666.3,1304.0,1708,0,69,13025.8
223.91,666.3,1304.0,1708,0,69,13100.7
224.03,666.3,1304.0,1708,3,69,13156.5
224.15,666.3,1304.0,1708,0,69,13198.1
224.271,666.3,1304.0,1708,0,69,13251.4
224.392,666.3,1304.0,1708,0,69,13301.7
224.512,666.3,1304.0,1708,3,69,13351.8
224.632,666.3,1304.0,1708,0,69,13397.4
224.752,666.3,1304.0,1708,0,69,13460.9
224.872,689.8,1304.0,1708,0,69,13353.0
224.989,850.8,1304.0,1708,6,69,13378.7
225.107,850.8,1304.0,1708,5,69,13406.2
225.226,980.3,1304.0,1708,5,69,13431.8
225.344,980.3,1304.0,1708,5,69,13458.0
225.462,1109.8,1304.0,1708,9,69,13482.8
225.58,1109.8,1304.0,1708,9,69,13464.2
225.699,691.3,1304.0,1708,5,70,13407.5
225.817,691.3,1304.0,1708,62,72,13364.2
225.937,852.3,1304.0,1708,23,70,13391.4
226.054,852.3,1304.0,1708,23,69,13417.5
226.172,981.8,1304.0,1708,5,69,13442.9
226.291,981.8,1304.0,1708,6,69,13465.0
226.409,1111.3,1304.0,1708,6,69,13493.9
226.526,1111.3,1304.0,1708,9,69,13524.4
226.646,691.6,1304.0,1708,41,73,13525.6
226.764,852.6,1304.0,1708,42,70,13301.7
226.883,852.6,1304.0,1708,42,69,13298.2
227.002,982.1,1304.0,1708,9,69,13323.4
227.12,982.1,1304.0,1708,5,69,13349.2
227.238,1111.6,1304.0,1708,5,69,13377.1
227.356,1111.6,1304.0,1708,6,70,13398.5
227.475,691.9,1304.0,1708,59,73,13399.4
227.592,852.9,1304.0,1708,59,70,13424.5
227.71,852.9,1304.0,1708,28,69,13449.9
227.828,982.4,1304.0,1708,6,69,13478.5
227.946,982.4,1304.0,1708,10,69,13490.0
228.065,1111.9,1304.0,1708,10,69,13518.4
228.183,692.2,1304.0,1708,6,70,13394.6
228.302,692.2,1304.0,1708,77,72,13265.1
228.42,853.2,1304.0,1708,77,69,13292.0
228.537,853.2,1304.0,1708,10,69,13320.3
228.656,982.7,1304.0,1708,6,69,13351.4
228.774,1112.2,1304.0,1708,6,69,13379.7
228.892,1112.2,1304.0,1708,6,69,13407.8
229.01,692.4,1304.0,1708,9,70,13426.1
229.127,692.4,1304.0,1708,76,71,13430.4
229.245,853.5,1304.0,1708,76,69,13462.2
229.363,853.5,1304.0,1708,5,69,13495.5
229.481,983.0,1304.0,1708,9,69,13364.2
229.6,983.0,1304.0,1708,9,69,13330.6
229.718,1112.5,1304.0,1708,6,69,13338.0
229.836,1123.6,1304.0,1708,6,69,13290.8
229.955,692.7,1304.0,1708,79,73,13291.0
230.073,853.7,1304.0,1708,79,69,13324.9
230.191,853.7,1304.0,1708,6,69,13357.2
230.309,983.2,1304.0,1708,6,69,13391.9
230.427,983.2,1304.0,1708,6,69,13426.9
230.545,1112.7,1304.0,1708,10,69,13456.4
230.663,693.0,1304.0,1708,6,70,13475.5
230.781,693.0,1304.0,1708,6,71,13483.0
230.901,854.0,1304.0,1708,76,69,13517.6
231.018,854.0,1304.0,1708,9,69,13543.2
231.137,983.5,1304.0,1708,6,69,13331.9
231.258,1113.0,1304.0,1708,6,69,13364.9
231.376,1113.0,1304.0,1708,7,69,13398.0
231.494,693.3,1304.0,1708,10,70,13418.0
231.612,693.3,1304.0,1708,10,71,13422.2
231.73,854.3,1304.0,1708,75,69,13451.6
231.848,854.3,1304.0,1708,6,69,13481.2
231.966,983.8,1304.0,1708,10,69,13495.6
232.085,1113.3,1304.0,1708,10,69,13498.3
232.205,1113.3,1304.0,1708,8,69,13522.3
232.324,693.6,1304.0,1708,43,72,13518.8
232.443,725.1,1304.0,1708,43,70,13531.5
232.562,854.6,1304.0,1708,43,69,13557.4
232.682,984.1,1304.0,1708,7,69,13582.1
232.801,984.1,1304.0,1708,7,69,13607.7
232.92,1113.6,1304.0,1708,7,69,13637.3
233.04,693.9,1304.0,1708,10,71,13642.5
233.16,725.4,1304.0,1708,76,70,13650.4
233.28,854.9,1304.0,1708,76,69,13678.4
233.4,984.4,1304.0,1708,7,69,13706.2
233.52,984.4,1304.0,1708,10,69,13730.0
233.651,1113.9,1304.0,1708,6,69,13757.1
233.771,694.1,1304.0,1708,6,72,13757.8
233.901,701.1,1304.0,1708,18,69,13748.2
234.111,855.1,1304.0,1708,3,69,13722.1
234.428,855.1,1304.0,1708,6,69,13696.2
234.731,984.6,1304.0,1708,4,69,13672.6
235.03,1114.1,1304.0,1708,1,69,13642.6
235.386,1114.1,1304.0,1708,5,72,13618.9
235.693,725.9,1304.0,1708,2,69,13593.3
235.987,855.4,1304.0,1708,1,69,13562.3
236.321,855.4,1304.0,1708,4,69,13529.8
236.661,984.9,1304.0,1708,1,69,13497.5
236.997,1114.4,1304.0,1708,1,69,13468.3
237.319,1114.4,1304.0,1708,4,69,13432.7
237.674,694.7,1304.0,1708,56,73,13423.5
237.801,855.7,1304.0,1708,24,69,13402.4
238.069,855.7,1304.0,1708,3,69,13374.6
238.406,985.2,1304.0,1708,5,69,13344.1
238.752,985.2,1304.0,1708,3,69,13312.9
239.082,1114.7,1304.0,1708,5,69,13285.4
239.267,695.0,1304.0,1708,3,70,13299.4
239.39,695.0,1304.0,1708,58,72,12966.5
239.51,856.0,1304.0,1708,28,69,12607.5
239.63,856.0,1304.0,1708,28,69,12644.1
239.748,985.5,1304.0,1708,6,69,12688.6
239.866,1115.0,1304.0,1708,6,69,12727.6
239.984,1115.0,1304.0,1708,6,69,12773.9
240.102,695.3,1304.0,1708,10,72,12787.3
240.22,698.8,1304.0,1708,76,70,12804.4
240.339,856.3,1304.0,1708,6,69,12838.8
240.457,856.3,1304.0,1708,6,69,12866.9
240.575,985.8,1304.0,1708,8,69,12899.7
240.695,985.8,1304.0,1708,6,69,12933.8
240.813,1115.3,1304.0,1708,6,69,12967.6
240.932,695.5,1304.0,1708,6,70,12996.2
241.049,695.5,1304.0,1708,59,72,12997.1
241.167,856.6,1304.0,1708,25,70,13027.2
241.285,856.6,1304.0,1708,25,69,12923.6
241.404,986.1,1304.0,1708,7,69,12939.9
241.523,986.1,1304.0,1708,9,69,12940.7
241.648,1115.6,1304.0,1708,9,69,12972.8
241.766,1134.5,1304.0,1708,6,70,12998.7
241.884,695.8,1304.0,1708,54,72,12998.7
242.002,856.8,1304.0,1708,32,69,13029.7
242.12,856.8,1304.0,1708,32,69,12986.8
242.239,986.3,1304.0,1708,7,69,12934.3
242.358,986.3,1304.0,1708,6,69,12934.4
242.476,1115.8,1304.0,1708,6,69,12954.4
242.595,1135.3,1304.0,1708,8,69,12968.4
242.714,696.1,1304.0,1708,57,73,12967.9
242.85,857.1,1304.0,1708,25,69,12994.7
242.97,857.1,1304.0,1708,25,69,13025.1
243.089,986.6,1304.0,1708,9,69,13054.4
243.209,1116.1,1304.0,1708,6,69,13084.3
243.328,1116.1,1304.0,1708,6,69,13114.6
243.448,696.4,1304.0,1708,8,73,13106.8
243.568,857.4,1304.0,1708,78,70,13125.9
243.688,857.4,1304.0,1708,7,69,13151.5
243.808,986.9,1304.0,1708,7,69,13175.8
243.928,1116.4,1304.0,1708,7,69,13196.4
244.048,1116.4,1304.0,1708,8,69,13215.7
244.169,696.7,1304.0,1708,8,71,13220.8
244.289,703.7,1304.0,1708,41,70,13223.7
244.409,857.7,1304.0,1708,43,69,13225.3
244.601,987.2,1304.0,1708,7,69,13169.6
244.783,987.2,1304.0,1708,4,69,13182.6
244.903,1116.7,1304.0,1708,6,69,13205.4
245.027,1116.7,1304.0,1708,10,69,12872.4
245.154,697.0,1304.0,1708,10,72,12517.3
245.272,728.5,1304.0,1708,76,70,12544.6
245.39,858.0,1304.0,1708,8,69,12584.7
245.508,987.5,1304.0,1708,8,69,12639.5
245.627,987.5,1304.0,1708,8,69,12670.9
245.745,1117.0,1304.0,1708,8,69,12692.7
245.863,697.2,1304.0,1708,22,70,12707.6
245.98,704.2,1304.0,1708,22,72,12710.5
246.098,987.7,1304.0,1708,69,69,12724.2
246.216,1117.2,1304.0,1708,15,69,12735.6
246.334,697.5,1304.0,1708,15,73,12735.7
246.452,858.5,1304.0,1708,80,70,12751.3
246.57,988.0,1304.0,1708,12,69,12766.6
246.688,1117.5,1304.0,1708,15,69,12775.8
246.807,697.8,1304.0,1708,15,73,12776.0
246.925,988.3,1304.0,1708,81,69,12791.2
247.044,1117.8,1304.0,1708,18,69,12799.9
247.162,698.1,1304.0,1708,18,73,12800.0
247.28,988.6,1304.0,1708,79,70,12804.9
247.399,1118.1,1304.0,1708,21,69,12811.7
247.524,698.4,1304.0,1708,82,73,12811.7
247.642,988.9,1304.0,1708,82,70,12820.4
247.761,698.6,1304.0,1708,27,71,12826.6
247.878,730.2,1304.0,1708,82,71,12829.0
247.996,1118.7,1304.0,1708,82,69,12837.0
248.114,666.5,1304.0,1708,40,73,12837.2
248.232,666.5,1304.0,1708,63,70,12923.9
248.358,666.5,1304.0,1708,2,69,13014.7
248.483,666.5,1304.0,1708,2,69,12944.5
248.611,666.5,1304.0,1708,2,69,13024.6
248.736,666.5,1304.0,1708,0,69,13085.5
248.862,666.5,1304.0,1708,2,69,13168.0
248.988,666.5,1304.0,1708,2,69,13227.0
249.114,666.5,1304.0,1708,1,69,12989.6
249.24,666.5,1304.0,1708,0,69,13071.0
249.367,666.5,1304.0,1708,3,69,13159.0
249.494,666.5,1304.0,1708,3,69,13242.8
249.62,666.5,1304.0,1708,1,69,13329.9
249.745,666.5,1304.0,1708,0,69,13405.9
249.874,666.5,1304.0,1708,2,69,13325.3
250.002,666.5,1304.0,1708,2,69,13392.3
250.123,666.5,1304.0,1708,2,69,13454.5
250.243,666.5,1304.0,1708,0,69,13504.1
250.363,666.5,1304.0,1708,2,69,13409.2
250.482,721.4,1304.0,1708,2,69,13439.9
250.6,850.9,1304.0,1708,6,69,13466.5
250.718,850.9,1304.0,1708,5,69,13494.3
250.836,980.4,1304.0,1708,5,69,13521.3
250.954,1109.9,1304.0,1708,10,69,13546.8
251.071,1109.9,1304.0,1708,7,68,13405.9
251.189,691.5,1304.0,1708,7,69,13418.5
251.307,691.5,1304.0,1708,47,70,13427.1
251.425,852.5,1304.0,1708,47,69,13455.2
251.542,852.5,1304.0,1708,7,69,13482.0
251.66,982.0,1304.0,1708,7,69,13506.4
251.778,1111.5,1304.0,1708,7,69,13535.9
251.895,1111.5,1304.0,1708,9,69,13568.2
252.013,691.8,1304.0,1708,9,73,13575.6
252.13,723.3,1304.0,1708,67,70,13528.1
252.251,852.8,1304.0,1708,18,69,13345.3
252.372,982.3,1304.0,1708,9,69,13377.4
252.49,982.3,1304.0,1708,9,69,13410.1
252.608,1111.8,1304.0,1708,7,69,13439.6
252.725,692.1,1304.0,1708,26,72,13454.4
252.843,692.1,1304.0,1708,26,71,13465.4
252.961,853.1,1304.0,1708,62,69,13494.8
253.079,853.1,1304.0,1708,7,69,13533.4
253.197,982.6,1304.0,1708,7,69,13568.7
253.315,1112.1,1304.0,1708,6,69,13595.6
253.434,1112.1,1304.0,1708,10,69,13633.8
253.554,692.3,1304.0,1708,66,73,13634.4
253.673,853.3,1304.0,1708,66,70,13653.9
253.793,853.3,1304.0,1708,19,69,13680.9
253.912,982.8,1304.0,1708,11,69,13711.4
254.032,1112.3,1304.0,1708,11,69,13743.9
254.152,1112.4,1304.0,1708,7,69,13771.0
254.272,692.6,1304.0,1708,45,73,13761.5
254.391,853.6,1304.0,1708,42,70,13789.1
254.512,853.6,1304.0,1708,42,69,13821.0
254.632,983.1,1304.0,1708,3,69,13818.0
254.9,983.1,1304.0,1708,1,69,13785.7
255.24,1112.6,1304.0,1708,3,69,13753.2
255.578,1112.6,1304.0,1708,1,69,13710.3
255.939,692.9,1304.0,1708,68,70,13689.9
256.212,724.4,1304.0,1708,4,69,13652.4
256.574,853.9,1304.0,1708,1,69,13616.4
256.931,853.9,1304.0,1708,1,69,13581.0
257.282,983.4,1304.0,1708,4,69,13547.7
257.626,983.4,1304.0,1708,1,69,13500.5
257.963,1112.9,1304.0,1708,1,69,13432.6
258.35,1112.9,1304.0,1708,1,69,13394.9
258.693,693.2,1304.0,1708,76,73,13385.8
258.848,724.7,1304.0,1708,1,69,13350.9
259.202,854.2,1304.0,1708,4,69,13315.9
259.528,854.2,1304.0,1708,1,69,13277.9
259.863,983.7,1304.0,1708,1,69,13233.6
260.196,983.7,1304.0,1708,2,69,13182.6
260.472,1113.2,1304.0,1707,5,69,12930.5
260.606,1113.2,1304.0,1707,5,69,12677.3
260.727,693.5,1304.0,1707,5,71,12678.7
